-- phpMyAdmin SQL Dump
-- version 4.9.0.1
-- https://www.phpmyadmin.net/
--
-- Хост: 10.0.0.40
-- Время создания: Окт 08 2021 г., 15:31
-- Версия сервера: 5.7.31-34
-- Версия PHP: 7.2.34

SET SQL_MODE = "NO_AUTO_VALUE_ON_ZERO";
SET AUTOCOMMIT = 0;
START TRANSACTION;
SET time_zone = "+00:00";


/*!40101 SET @OLD_CHARACTER_SET_CLIENT=@@CHARACTER_SET_CLIENT */;
/*!40101 SET @OLD_CHARACTER_SET_RESULTS=@@CHARACTER_SET_RESULTS */;
/*!40101 SET @OLD_COLLATION_CONNECTION=@@COLLATION_CONNECTION */;
/*!40101 SET NAMES utf8mb4 */;

--
-- База данных: `f0582934_22`
--

-- --------------------------------------------------------

--
-- Структура таблицы `akk`
--

CREATE TABLE `akk` (
  `id` bigint(11) NOT NULL,
  `user` bigint(11) NOT NULL,
  `name` text COLLATE utf8_unicode_ci NOT NULL,
  `proxi` text COLLATE utf8_unicode_ci NOT NULL,
  `auto` text COLLATE utf8_unicode_ci NOT NULL,
  `text` text CHARACTER SET utf8mb4 COLLATE utf8mb4_unicode_ci NOT NULL,
  `dd1` int(11) NOT NULL
) ENGINE=InnoDB DEFAULT CHARSET=utf8 COLLATE=utf8_unicode_ci;

--
-- Дамп данных таблицы `akk`
--

INSERT INTO `akk` (`id`, `user`, `name`, `proxi`, `auto`, `text`, `dd1`) VALUES
(79679882931, 1884682211, '79679882931', 'O4HY01:c740o4vtiV@109.248.142.7:3001', 'Работает', '👋🏻 Привет, я всего лишь рассылаю сообщения я бот: @SAKURA_POSTBOT\n\n🧨А отвечает тебе лучшая функция автоответчик! \n\n🔗Мой основной аккаунт: @ADM_ROCKET', 2),
(996708502166, 1850543498, '996708502166', 'IuLe0Q:Ih5Qiyn4PV@45.139.125.245:3001', 'Работает', '👋 <b>Привет, сейчас тебе ответил автоответчик</b>\n\nВсё, перечисленное мной, ты сможешь приобрести в <b>ЁШоп.\n\n💎 </b>Кстати, <b>аккаунты Госуслуг</b> находятся в категории «Аккаунты».\n\n<b>🛒 Приятных покупок - </b><b>@shp_ebot</b>', 3),
(79601592950, 2080987679, '79601592950', 'pm8EpJ:5QqAsvDX1K@45.140.54.222:3001', '', '', 4),
(79632231920, 1850543498, '79632231920', 'IuLe0Q:Ih5Qiyn4PV@109.248.139.231:3001', 'Работает', '👋 <b>Привет, сейчас тебе ответил автоответчик</b>\n\nВсё, перечисленное мной, ты сможешь приобрести в <b>ЁШоп.\n\n💰 </b>Кстати, <b>QIWI, ЮMoney и PayPal </b>находятся в категории «Аккаунты» &gt; «Кошельки».\n\n<b>🛒 Приятных покупок - </b><b>@shp_ebot</b>', 5),
(79677307989, 1884682211, '79677307989', 'O4HY01:c740o4vtiV@109.248.142.7:3001', 'Работает', '👋🏻 Привет, я всего лишь рассылаю сообщения я бот: @SAKURA_POSTBOT\n\n🧨А отвечает тебе лучшая функция автоответчик! \n\n🔗Мой основной аккаунт: @ADM_ROCKET', 6),
(79812308254, 1884682211, '79812308254', 'O4HY01:c740o4vtiV@109.248.142.7:3001', 'Работает', '👋🏻 Привет, я всего лишь рассылаю сообщения я бот: @SAKURA_POSTBOT\n\n🧨А отвечает тебе лучшая функция автоответчик! \n\n🔗Мой основной аккаунт: @ADM_ROCKET', 8),
(79812307107, 1850543498, '79812307107', 'IuLe0Q:Ih5Qiyn4PV@109.248.139.231:3001', 'Работает', '🐢 <b>Привет, мой хозяин сейчас занят и сейчас не успел ответить\n\n🛍 Если ты пришёл за покупкой, переходи в нашего бота автопродаж - @Verif_ShopBot</b>', 9),
(79600534083, 1850543498, '79600534083', 'IuLe0Q:Ih5Qiyn4PV@109.248.139.231:3001', 'Работает', '😱 <b>Ты написал боту</b>\n\n📲 <b>Связь с администрацией сервиса</b>\nАдмин - @adm_ebot\nСпамблок - @hlp_ebot\n\n🤖 <b>Наши сервисы - </b><b>@inf_ebot</b>\n<b>📢 Наш канал - </b><b>@chn_ebot</b>\n<b>💬 Наш чат - </b><b>@cht_ebot</b>', 10),
(79689626810, 1884682211, '79689626810', 'O4HY01:c740o4vtiV@109.248.142.7:3001', '', '', 11),
(79530995720, 1350055933, '79530995720', 'z1C0fS:rOqyXZzl8y@46.8.22.9:1051', '', '', 12),
(79372120892, 910205970, '79372120892', 'CwFNnbMf:Vh6uLXJq@45.154.161.192:45435', 'Работает', '1', 13),
(89393715045, 1175398888, '89393715045', 'O4HY01:c740o4vtiV@109.248.142.7:3001', '', '', 14),
(79917459348, 752696668, '79917459348', 'rTkEmA:5HKCh9XhVX@46.8.156.251:3001', '', '', 15),
(79619259733, 1884682211, '79619259733', 'xVzhuE:ONkh6TXonn@188.130.143.248:3001', '', '', 16);

-- --------------------------------------------------------

--
-- Структура таблицы `config`
--

CREATE TABLE `config` (
  `id` int(11) NOT NULL,
  `ned` bigint(20) NOT NULL,
  `mes` bigint(20) NOT NULL,
  `2mes` bigint(20) NOT NULL,
  `life` bigint(20) NOT NULL
) ENGINE=InnoDB DEFAULT CHARSET=utf8 COLLATE=utf8_unicode_ci;

--
-- Дамп данных таблицы `config`
--

INSERT INTO `config` (`id`, `ned`, `mes`, `2mes`, `life`) VALUES
(1, 100, 300, 550, 1500);

-- --------------------------------------------------------

--
-- Структура таблицы `list_chat`
--

CREATE TABLE `list_chat` (
  `id_str` bigint(11) NOT NULL,
  `id` bigint(11) NOT NULL,
  `username` text CHARACTER SET utf8mb4 COLLATE utf8mb4_unicode_ci NOT NULL,
  `name` text CHARACTER SET utf8mb4 COLLATE utf8mb4_unicode_ci NOT NULL,
  `time` bigint(11) NOT NULL,
  `time_step` text COLLATE utf8_unicode_ci NOT NULL,
  `photo` text COLLATE utf8_unicode_ci NOT NULL,
  `akk` text COLLATE utf8_unicode_ci NOT NULL,
  `id_user` bigint(11) NOT NULL,
  `status` text COLLATE utf8_unicode_ci NOT NULL,
  `colvo_send` bigint(11) NOT NULL,
  `dop_text` text CHARACTER SET utf8mb4 COLLATE utf8mb4_unicode_ci NOT NULL
) ENGINE=InnoDB DEFAULT CHARSET=utf8 COLLATE=utf8_unicode_ci;

--
-- Дамп данных таблицы `list_chat`
--

INSERT INTO `list_chat` (`id_str`, `id`, `username`, `name`, `time`, `time_step`, `photo`, `akk`, `id_user`, `status`, `colvo_send`, `dop_text`) VALUES
(10, -1001299204791, '🔔<b>Лучший Автопостинг в Telegram</b> \n\n🔘<b>В боте присутствуют абсолютно все функции</b> \n\n◾️<i>Выгрузка чатов с аккаунта</i>\n◾️<i>Проксирование</i>\n◾️<i>Автоответчик</i>\n◾️<i>Множество настроек и красивый дизайн</i>\n◾️<i>Добавление неограниченное количество аккаунтов</i>\n◾️<i>Уведомления о отправках и много другого!</i>\n\n🔗Связь: @ADM_ROCKET\n🤖 Гарант: @shelbygarant_bot', 'Услуги «SHELBY»', 15, '10:57', 'https://i.imgur.com/2lG9emJ.jpg', '79679882931', 1884682211, 'NoSend', 178, ''),
(11, -1001440808872, '🔔<b>Лучший Автопостинг в Telegram</b> \n\n🔘<b>В боте присутствуют абсолютно все функции</b> \n\n◾️<i>Выгрузка чатов с аккаунта</i>\n◾️<i>Проксирование</i>\n◾️<i>Автоответчик</i>\n◾️<i>Множество настроек и красивый дизайн</i>\n◾️<i>Добавление неограниченное количество аккаунтов</i>\n◾️<i>Уведомления о отправках и много другого!</i>\n\n🔗Связь: @ADM_ROCKET\n🤖 Гарант: @NightService_Bot', '🔥N&S Услуги🔥', 15, '10:57', 'https://i.imgur.com/2lG9emJ.jpg', '79679882931', 1884682211, 'NoSend', 178, ''),
(12, -1001264988679, '🔔<b>Лучший Автопостинг в Telegram</b> \n\n🔘<b>В боте присутствуют абсолютно все функции</b> \n\n◾️<i>Выгрузка чатов с аккаунта</i>\n◾️<i>Проксирование</i>\n◾️<i>Автоответчик</i>\n◾️<i>Множество настроек и красивый дизайн</i>\n◾️<i>Добавление неограниченное количество аккаунтов</i>\n◾️<i>Уведомления о отправках и много другого!</i>\n\n🔗 Купить: @ADM_ROCKET\n🤖Гарант: @DWDGARANTBOT', '[DWD] CHAT', 20, '10:57', 'https://i.imgur.com/2lG9emJ.jpg', '79679882931', 1884682211, 'NoSend', 133, ''),
(14, -1001499154787, '🔔<b>Лучший Автопостинг в Telegram</b> \n\n🔘<b>В боте присутствуют абсолютно все функции</b> \n\n◾️<i>Выгрузка чатов с аккаунта</i>\n◾️<i>Проксирование</i>\n◾️<i>Автоответчик</i>\n◾️<i>Множество настроек и красивый дизайн</i>\n◾️<i>Добавление неограниченное количество аккаунтов</i>\n◾️<i>Уведомления о отправках и много другого!</i>\n\n🔗 Купить: @ADM_ROCKET\n🤖Гарант; @sonic77_bot', 'Sonic GROUP', 15, '10:57', 'https://i.imgur.com/2lG9emJ.jpg', '79679882931', 1884682211, 'NoSend', 176, ''),
(15, -1001595078715, '🔔<b>Лучший Автопостинг в Telegram</b> \n\n🔘<b>В боте присутствуют абсолютно все функции</b> \n\n◾️<i>Выгрузка чатов с аккаунта</i>\n◾️<i>Проксирование</i>\n◾️<i>Автоответчик</i>\n◾️<i>Множество настроек и красивый дизайн</i>\n◾️<i>Добавление неограниченное количество аккаунтов</i>\n◾️<i>Уведомления о отправках и много другого!</i>\n\n🔗 Купить: @ADM_ROCKET\n🤖Гарант; @AxelGarant_Bot', 'Axel Chat', 20, '10:57', 'https://i.imgur.com/2lG9emJ.jpg', '79679882931', 1884682211, 'NoSend', 130, ''),
(16, -1001266598286, '💎 <b>Продаю аккаунты Госуслуг</b>\n\nРандом - 4₽ 🔥\nДля займов - 15₽ 🔥\nДля верификаций - 8₽ 🔥\nДля других целей - 20₽ 🔥\n\n📝 Связь: @VIKING_SCAM\n🎩 Гарант: @scrooge_garantbot', 'Услуги Скруджа💰', 480, '10:57', '', '996708502166', 1850543498, 'NoSend', 10, ''),
(17, -1001259990166, '💎 <b>Продаю аккаунты Госуслуг</b>\n\nРандом - 4₽ 🔥\nДля займов - 15₽ 🔥\nДля верификаций - 8₽ 🔥\nДля других целей - 20₽ 🔥\n\n📝 Связь: @VIKING_SCAM\n🎩 Гарант', '💸 ɃІT | ЧАТ УСЛУГ 💸', 15, '10:57', '', '996708502166', 1850543498, 'NoSend', 175, ''),
(18, -1001332422950, '💎 Продаю аккаунты Госуслуг\n\nРандом - 4₽ 🔥\nДля займов - 15₽ 🔥\nДля верификаций - 8₽ 🔥\nДля других целей - 20₽ 🔥\n\n📝 Связь: @VIKING_SCAM\n🎩 Гарант: @lolzteam_garant_bot', 'LOLZTEAM | УСЛУГИ', 70, '12:27', '', '996708502166', 1850543498, 'NoSend', 37, ''),
(19, -1001198438769, '💎 Продаю аккаунты Госуслуг\n\nРандом - 4₽ 🔥\nДля займов - 15₽ 🔥\nДля верификаций - 8₽ 🔥\nДля других целей - 20₽ 🔥\n\n📝 Связь: @VIKING_SCAM\n🎩 Гарант: @OFFGarant_Bot', 'OFF | ЧАТ УСЛУГ', 65, '13:22', '', '996708502166', 1850543498, 'NoSend', 42, ''),
(20, -1001200599203, '💎 Продаю аккаунты Госуслуг\n\nРандом - 4₽ 🔥\nДля займов - 15₽ 🔥\nДля верификаций - 8₽ 🔥\nДля других целей - 20₽ 🔥\n\n📝 Связь: @VIKING_SCAM\n🎩 Гарант: @getgarantbot', 'Get-CHAT УСЛУГИ', 20, '10:57', '', '996708502166', 1850543498, 'NoSend', 131, ''),
(21, -1001565467727, '💎 Продаю аккаунты Госуслуг\n\nРандом - 4₽ 🔥\nДля займов - 15₽ 🔥\nДля верификаций - 8₽ 🔥\nДля других целей - 20₽ 🔥\n\n📝 Связь: @VIKING_SCAM\n🤝 Гарант - @AquaGarant_bot', 'Aqua | Чат услуг', 20, '10:57', '', '996708502166', 1850543498, 'NoSend', 131, ''),
(22, -1001319610194, '💎 Продаю аккаунты Госуслуг\n\nРандом - 4₽ 🔥\nДля займов - 15₽ 🔥\nДля верификаций - 8₽ 🔥\nДля других целей - 20₽ 🔥\n\n📝 Связь: @VIKING_SCAM\n🎩 Гарант +', 'Dimoneyolla | ЧАТ УСЛУГ', 55, '13:17', '', '996708502166', 1850543498, 'NoSend', 49, ''),
(23, -1001135389220, 'ПРОДАЖА АККАУНТОВ QIWI ПО НИЗКИМ ЦЕНАМ💰\n\n➖➖➖➖➖➖➖➖➖➖➖➖\n📃 Категория:  🇷🇺RU Основной Без истории\n💰 Цена: 15 ₽  \n📃 Описание: Кошелек киви со статусом Основной\nОтключены смс\nВыпущен токен\nВыпущена карта\nБез истории (Не было переводов)\nномер:пароль:токен:карта:срок карты:свв карты\n\nСвязь: @qiwiseller0\nГарант: +', 'PR чат №1', 30, '10:57', 'None', '79601592950', 2080987679, 'NoSend', 79, ''),
(24, -1001579705772, 'ПРОДАЖА АККАУНТОВ QIWI ПО НИЗКИМ ЦЕНАМ💰\n\n➖➖➖➖➖➖➖➖➖➖➖➖\n📃 Категория:  🇷🇺RU Основной Без истории\n💰 Цена: 15 ₽  \n📃 Описание: Кошелек киви со статусом Основной\nОтключены смс\nВыпущен токен\nВыпущена карта\nБез истории (Не было переводов)\nномер:пароль:токен:карта:срок карты:свв карты\n\nСвязь: @qiwiseller0\nГарант:', 'Пиар чат', 30, '10:57', 'None', '79601592950', 2080987679, 'NoSend', 79, ''),
(25, -1001119124233, 'ПРОДАЖА АККАУНТОВ QIWI ПО НИЗКИМ ЦЕНАМ💰\n\n➖➖➖➖➖➖➖➖➖➖➖➖\n📃 Категория:  🇷🇺RU Основной Без истории\n💰 Цена: 15 ₽  \n📃 Описание: Кошелек киви со статусом Основной\nОтключены смс\nВыпущен токен\nВыпущена карта\nБез истории (Не было переводов)\nномер:пароль:токен:карта:срок карты:свв карты\n\nСвязь: @qiwiseller0\nГарант: +', 'Пиар канал', 30, '12:28', 'None', '79601592950', 2080987679, 'NoSend', 82, ''),
(26, -1001109412718, 'ПРОДАЖА АККАУНТОВ QIWI ПО НИЗКИМ ЦЕНАМ💰\n\n➖➖➖➖➖➖➖➖➖➖➖➖\n📃 Категория:  🇷🇺RU Основной Без истории\n💰 Цена: 15 ₽  \n📃 Описание: Кошелек киви со статусом Основной\nОтключены смс\nВыпущен токен\nВыпущена карта\nБез истории (Не было переводов)\nномер:пароль:токен:карта:срок карты:свв карты\n\nСвязь: @qiwiseller0\nГарант:', 'FREE PIAR CHAT | Реклама, пиар, чат', 30, '12:28', 'None', '79601592950', 2080987679, 'NoSend', 83, ''),
(27, -1001139595826, 'ПРОДАЖА АККАУНТОВ QIWI ПО НИЗКИМ ЦЕНАМ💰\n\n➖➖➖➖➖➖➖➖➖➖➖➖\n📃 Категория:  🇷🇺RU Основной Без истории\n💰 Цена: 15 ₽  \n📃 Описание: Кошелек киви со статусом Основной\nОтключены смс\nВыпущен токен\nВыпущена карта\nБез истории (Не было переводов)\nномер:пароль:токен:карта:срок карты:свв карты\n\nСвязь: @qiwiseller0\nГарант:', 'Пиар без границ ™', 60, '12:58', 'None', '79601592950', 2080987679, 'NoSend', 42, ''),
(28, -1001332422950, 'ПРОДАЖА АККАУНТОВ QIWI ПО НИЗКИМ ЦЕНАМ💰\n\n➖➖➖➖➖➖➖➖➖➖➖➖\n📃 Категория:  🇷🇺RU Основной Без истории\n💰 Цена: 10₽  \n📃 Описание: Кошелек киви со статусом Основной\nОтключены смс\nВыпущен токен\nВыпущена карта\nБез истории (Не было переводов)\nномер:пароль:токен:карта:срок карты:свв карты\n\nСвязь: @qiwiseller0\nГарант: @lolzteam_garant_bot', 'LOLZTEAM | УСЛУГИ', 60, '12:58', 'None', '79601592950', 2080987679, 'NoSend', 44, ''),
(29, -1001266598286, 'ПРОДАЖА АККАУНТОВ QIWI ПО НИЗКИМ ЦЕНАМ💰\n\n➖➖➖➖➖➖➖➖➖➖➖➖\n📃 Категория:  🇷🇺RU Основной Без истории\n💰 Цена: 15 ₽  \n📃 Описание: Кошелек киви со статусом Основной\nОтключены смс\nВыпущен токен\nВыпущена карта\nБез истории (Не было переводов)\nномер:пароль:токен:карта:срок карты:свв карты\n\n📝 Связь: @qiwiseller0\n🎩 Гарант: @scrooge_garantbot', 'Услуги Скруджа💰', 120, '12:58', 'None', '79601592950', 2080987679, 'NoSend', 21, ''),
(30, -1001200599203, 'ПРОДАЖА АККАУНТОВ QIWI ПО НИЗКИМ ЦЕНАМ💰\n\n➖➖➖➖➖➖➖➖➖➖➖➖\n📃 Категория:  🇷🇺RU Основной Без истории\n💰 Цена: 10₽  \n📃 Описание: Кошелек киви со статусом Основной\nОтключены смс\nВыпущен токен\nВыпущена карта\nБез истории (Не было переводов)\nномер:пароль:токен:карта:срок карты:свв карты\n\nСвязь: @qiwiseller0\nГарант: @getgarantbot', 'Get-CHAT УСЛУГИ', 120, '12:58', 'None', '79601592950', 2080987679, 'NoSend', 20, ''),
(31, -1001266598286, '<b>ВЕРИФИЦИРОВАННЫЕ КОШЕЛЬКИ ПО ПРИЯТНЫМ ЦЕНАМ! 👛</b>\n\n🥝 QIWI (основной с виртуалкой) - <b>19₽</b>\n💙 PayPal (верифицированный) - <b>35₽</b>\n💜 ЮMoney (именной) - <b>50₽</b>\n\n📝 Связь: @SCAVIKA\n🎩 Гарант: @scrooge_garantbot', 'Услуги Скруджа💰', 480, '18:58', 'https://tlgur.com/d/8e0rpPD4', '79632231920', 1850543498, 'NoSend', 10, ''),
(32, -1001198438769, '<b>ВЕРИФИЦИРОВАННЫЕ КОШЕЛЬКИ ПО ПРИЯТНЫМ ЦЕНАМ! 👛</b>\n\n🥝 QIWI (основной с виртуалкой) - <b>19₽</b>\n💙 PayPal (верифицированный) - <b>35₽</b>\n💜 ЮMoney (именной) - <b>50₽</b>\n\n📝 Связь: @SCAVIKA\n🎩 Гарант: @OFFGarant_Bot', 'OFF | ЧАТ УСЛУГ', 65, '13:23', 'https://tlgur.com/d/8e0rpPD4', '79632231920', 1850543498, 'NoSend', 42, ''),
(33, -1001200599203, '<b>ВЕРИФИЦИРОВАННЫЕ КОШЕЛЬКИ ПО ПРИЯТНЫМ ЦЕНАМ! 👛</b>\n\n🥝 QIWI (основной с виртуалкой) - <b>19₽</b>\n💙 PayPal (верифицированный) - <b>35₽</b>\n💜 ЮMoney (именной) - <b>50₽</b>\n\n📝 Связь: @SCAVIKA\n🎩 Гарант: @getgarantbot', 'Get-CHAT УСЛУГИ', 30, '12:28', 'https://tlgur.com/d/8e0rpPD4', '79632231920', 1850543498, 'NoSend', 89, ''),
(34, -1001319610194, '<b>ВЕРИФИЦИРОВАННЫЕ КОШЕЛЬКИ ПО ПРИЯТНЫМ ЦЕНАМ! 👛</b>\n\n🥝 QIWI (основной с виртуалкой) - <b>19₽</b>\n💙 PayPal (верифицированный) - <b>35₽</b>\n💜 ЮMoney (именной) - <b>50₽</b>\n\n📝 Связь: @SCAVIKA\n🎩 Гарант +', 'Dimoneyolla | ЧАТ УСЛУГ', 55, '13:18', 'https://tlgur.com/d/8e0rpPD4', '79632231920', 1850543498, 'NoSend', 48, ''),
(37, -1001332422950, '🔔<b>Лучший Автопостинг в Telegram</b> \n\n🔘<b>В боте присутствуют абсолютно все функции</b> \n\n◾️<i>Выгрузка чатов с аккаунта</i>\n◾️<i>Проксирование</i>\n◾️<i>Автоответчик</i>\n◾️<i>Множество настроек и красивый дизайн</i>\n◾️<i>Добавление неограниченное количество аккаунтов</i>\n◾️<i>Уведомления о отправках и много другого!</i>\n\n🔗 Купить: @ADM_ROCKET\n🤖Гарант; @lolzteam_garant_bot', 'LOLZTEAM | УСЛУГИ', 63, '12:49', 'https://i.imgur.com/2lG9emJ.jpg', '79677307989', 1884682211, 'NoSend', 42, ''),
(39, -1001299204791, '🔔<b>Лучший Автопостинг в Telegram</b> \n\n🔘<b>В боте присутствуют абсолютно все функции</b> \n\n◾️<i>Выгрузка чатов с аккаунта</i>\n◾️<i>Проксирование</i>\n◾️<i>Автоответчик</i>\n◾️<i>Множество настроек и красивый дизайн</i>\n◾️<i>Добавление неограниченное количество аккаунтов</i>\n◾️<i>Уведомления о отправках и много другого!</i>\n\n🔗 Купить: @ADM_ROCKET\n🤖Гарант; @shelbygarant_bot', 'Услуги «SHELBY»', 20, '12:38', 'https://i.imgur.com/2lG9emJ.jpg', '79677307989', 1884682211, 'NoSend', 79, ''),
(40, -1001319610194, '🔔<b>Лучший Автопостинг в Telegram</b> \n\n🔘<b>В боте присутствуют абсолютно все функции</b> \n\n◾️<i>Выгрузка чатов с аккаунта</i>\n◾️<i>Проксирование</i>\n◾️<i>Автоответчик</i>\n◾️<i>Множество настроек и красивый дизайн</i>\n◾️<i>Добавление неограниченное количество аккаунтов</i>\n◾️<i>Уведомления о отправках и много другого!</i>\n\n🔗 Купить: @ADM_ROCKET\n🤖Гарант; @Radostnyy', 'Dimoneyolla | ЧАТ УСЛУГ', 65, '13:23', 'https://i.imgur.com/2lG9emJ.jpg', '79677307989', 1884682211, 'NoSend', 44, ''),
(42, -1001565467727, '<b>ВЕРИФИЦИРОВАННЫЕ КОШЕЛЬКИ ПО ПРИЯТНЫМ ЦЕНАМ! 👛</b>\n\n🥝 QIWI (основной с виртуалкой) - <b>19₽</b>\n💙 PayPal (верифицированный) - <b>35₽</b>\n💜 ЮMoney (именной) - <b>50₽</b>\n\n📝 Связь: @SCAVIKA\n🤝 Гарант - @AquaGarant_bot', 'Aqua | Чат услуг', 15, '12:28', 'https://tlgur.com/d/8e0rpPD4', '79632231920', 1850543498, 'NoSend', 178, ''),
(43, -1001332422950, '<b>ВЕРИФИЦИРОВАННЫЕ КОШЕЛЬКИ ПО ПРИЯТНЫМ ЦЕНАМ! 👛</b>\n\n🥝 QIWI (основной с виртуалкой) - <b>19₽</b>\n💙 PayPal (верифицированный) - <b>35₽</b>\n💜 ЮMoney (именной) - <b>50₽</b>\n\n📝 Связь: @SCAVIKA\n🤝 Гарант - @lolzteam_garant_bot', 'LOLZTEAM | УСЛУГИ', 70, '12:28', 'https://tlgur.com/d/8e0rpPD4', '79632231920', 1850543498, 'NoSend', 37, ''),
(45, -1001332422950, '🗯<b>Всем привет, Рассылаешь рекламу руками? Зря…</b> \n\n⏳<b>В Telegram появился новый бот для автопостинга</b> \n\n⚗️<b>Есть море возможностей, добавлять много аккаунтов. Выгружать чаты, настраивать автоответчик, и.т.д</b> \n\n💲 Цена: \n100₽ - 1 неделя \n270₽ - 1 месяц \n500₽ - 3 месяца\n1000₽ - безлимит \n\n🧸Связь: @ADM_ROCKET\n🎉Гарант: @lolzteam_garant_bot', 'LOLZTEAM | УСЛУГИ', 60, '12:58', 'https://i.imgur.com/wTKxXb1.jpg', '79812308254', 1884682211, 'NoSend', 40, ''),
(47, -1001264988679, '🗯<b>Всем привет, Рассылаешь рекламу руками? Зря…</b> \n\n⏳<b>В Telegram появился новый бот для автопостинга</b> \n\n⚗️<b>Есть море возможностей, добавлять много аккаунтов. Выгружать чаты, настраивать автоответчик, и.т.д</b> \n\n💲 Цена: \n100₽ - 1 неделя \n270₽ - 1 месяц \n500₽ - 3 месяца\n1000₽ - безлимит \n\n📝 Связь: @ADM_ROCKET\n🎩 Гарант: @DWDGARANTBOT', '[DWD] CHAT', 10, '12:28', 'https://i.imgur.com/wTKxXb1.jpg', '79812308254', 1884682211, 'NoSend', 280, ''),
(48, -1001565467727, '🗯Всем привет, Рассылаешь рекламу руками? Зря… \n\n⏳В Telegram появился новый бот для автопостинга \n\n⚗️Есть море возможностей, добавлять много аккаунтов. Выгружать чаты, настраивать автоответчик, и.т.д \n\n💲 Цена: \n100₽ - 1 неделя \n270₽ - 1 месяц \n500₽ - 3 месяца\n1000₽ - безлимит \n\n\n🤖 Бот автопостинг: @SAKURA_POSTBOT\n\n\n🎩 Гарант: @AquaGarant_bot', 'Aqua | Чат услуг', 25, '12:28', 'https://i.imgur.com/wTKxXb1.jpg', '79812308254', 1884682211, 'NoSend', 98, ''),
(49, -1001266598286, '🗯<b>Всем привет, Рассылаешь рекламу руками? Зря…</b> \n\n⏳<b>В Telegram появился новый бот для автопостинга</b> \n\n⚗️<b>Есть море возможностей, добавлять много аккаунтов. Выгружать чаты, настраивать автоответчик, и.т.д</b> \n\n💲 Цена: \n100₽ - 1 неделя \n270₽ - 1 месяц \n500₽ - 3 месяца\n1000₽ - безлимит \n\n📝 Связь: @ADM_ROCKET\n🎩 Гарант: @scrooge_garantbot', 'Услуги Скруджа💰', 60, '12:58', 'https://i.imgur.com/wTKxXb1.jpg', '79812308254', 1884682211, 'NoSend', 39, ''),
(50, -1001200599203, '🗯<b>Всем привет, Рассылаешь рекламу руками? Зря…</b> \n\n⏳<b>В Telegram появился новый бот для автопостинга</b> \n\n⚗️<b>Есть море возможностей, добавлять много аккаунтов. Выгружать чаты, настраивать автоответчик, и.т.д</b> \n\n💲 Цена: \n100₽ - 1 неделя \n270₽ - 1 месяц \n500₽ - 3 месяца\n1000₽ - безлимит \n\n📝 Связь: @ADM_ROCKET\n🎩 Гарант: @getgarantbot', 'Get-CHAT УСЛУГИ', 10, '12:28', '', '79677307989', 1884682211, 'NoSend', 158, ''),
(51, -1001332422950, '💸 <b>Нужно где-то хранить крупные суммы?</b>\n\n<b>В продаже:\n\n🥝 QIWI\n</b>├ Профессиональный - 500₽\n└ Основной - 13₽\n\n🦄 <b>ЮMoney\n</b>├ Профессиональный - 500₽\n└ Именной - 45₽\n\n🏦 <b>Банки\n</b>├ Сбер - 2500₽\n├ Альфа - 3500₽\n├ Тинькофф - 3500₽\n└ ВТБ - 9000₽\n\n<b>📝 Связь - </b><b>@ARTICLE159RF</b>\n<b>🤝 Гарант - </b><b>@lolzteam_garant_bot</b>', 'LOLZTEAM | УСЛУГИ', 65, '13:23', 'https://i.imgur.com/U6FM3mx.jpg', '79812307107', 1850543498, 'NoSend', 23, ''),
(52, -1001266598286, '💸 <b>Нужно где-то хранить крупные суммы?</b>\n\n<b>В продаже:\n\n🥝 QIWI\n</b>├ Профессиональный - 500₽\n└ Основной - 13₽\n\n🦄 <b>ЮMoney\n</b>├ Профессиональный - 500₽\n└ Именной - 45₽\n\n🏦 <b>Банки\n</b>├ Сбер - 2500₽\n├ Альфа - 3500₽\n├ Тинькофф - 3500₽\n└ ВТБ - 9000₽', 'Услуги Скруджа💰', 480, '18:58', 'https://i.imgur.com/U6FM3mx.jpg', '79812307107', 1850543498, 'NoSend', 6, '📝 Связь: @ARTICLE159RF\n🎩 Гарант: @scrooge_garantbot'),
(53, -1001332422950, '💎 <u><b>Искал качественный товар и по низким ценам?</b> </u><b><u>Ты по адресу!</u></b>\n\n<b>ЁШоп</b> - это один из лучших магазинов аккаунтов в Telegram.\n\n💸 <b>У нас самый низкий прайс\n</b>Данные документов - от 1₽\nДоски объявлений - от 3₽\nСоциальные сети - от 5₽\nКошельки - от 15₽\nГосуслуги - от 4₽\nПочты - от 0.5₽\nVPN - от 2₽\n\n<b>Не веришь? Проверь сам!</b>\n\n\n<b>🛒 </b><b><u>Приятных покупок - </u></b><b><u>@shp_ebot</u></b>\n\n\n<b>👨‍💻 Администратор - </b><b>@adm_ebot</b>\n<b>☎️ Поддержка - </b><b>@hlp_ebot</b>\n<b>🤝 Гарант - </b><b>@lolzteam_garant_bot</b>', 'LOLZTEAM | УСЛУГИ', 15, '12:38', 'https://i.imgur.com/qYBBOeG.jpg', '79600534083', 1850543498, 'NoSend', 66, ''),
(54, -1001200599203, '💸 <b>Нужно где-то хранить крупные суммы?</b>\n\n<b>В продаже:\n\n🥝 QIWI\n</b>├ Профессиональный - 500₽\n└ Основной - 13₽\n\n🦄 <b>ЮMoney\n</b>├ Профессиональный - 500₽\n└ Именной - 45₽\n\n🏦 <b>Банки\n</b>├ Сбер - 2500₽\n├ Альфа - 3500₽\n├ Тинькофф - 3500₽\n└ ВТБ - 9000₽', 'Get-CHAT УСЛУГИ', 30, '12:28', '', '79812307107', 1850543498, 'NoSend', 43, '📝 Связь: @ARTICLE159RF\n🎩 Гарант: @getgarantbot'),
(55, -1001565467727, '💸 <b>Нужно где-то хранить крупные суммы?</b>\n\n<b>В продаже:\n\n🥝 QIWI\n</b>├ Профессиональный - 500₽\n└ Основной - 13₽\n\n🦄 <b>ЮMoney\n</b>├ Профессиональный - 500₽\n└ Именной - 45₽\n\n🏦 <b>Банки\n</b>├ Сбер - 2500₽\n├ Альфа - 3500₽\n├ Тинькофф - 3500₽\n└ ВТБ - 9000₽', 'Aqua | Чат услуг', 15, '12:28', 'https://i.imgur.com/U6FM3mx.jpg', '79812307107', 1850543498, 'NoSend', 87, '🤝 Гарант - @AquaGarant_bot'),
(56, -1001565467727, '💎 <u><b>Искал качественный товар и по низким ценам?</b> </u><b><u>Ты по адресу!</u></b>\n\n<b>ЁШоп</b> - это один из лучших магазинов аккаунтов в Telegram.\n\n💸 <b>У нас самый низкий прайс\n</b>Данные документов - от 1₽\nДоски объявлений - от 3₽\nСоциальные сети - от 5₽\nКошельки - от 15₽\nГосуслуги - от 4₽\nПочты - от 0.5₽\nVPN - от 2₽\n\n<b>Не веришь? Проверь сам!</b>\n\n\n<b>🛒 </b><b><u>Приятных покупок - </u></b><b><u>@shp_ebot</u></b>\n\n\n<b>👨‍💻 Администратор - </b><b>@adm_ebot</b>\n<b>☎️ Поддержка - </b><b>@hlp_ebot</b>\n<b>🤝 Гарант - </b><b>@AquaGarant_bot</b>', 'Aqua | Чат услуг', 20, '12:38', 'https://i.imgur.com/qYBBOeG.jpg', '79600534083', 1850543498, 'NoSend', 63, ''),
(57, -1001270089374, '<b>5️⃣ Балансы пятёрочки за 50%. Позволь себе больше!\n\n➖ Постоянные пополнения\n➖ Минимум невалида\n➖ Надежная система автоштрихов\n\n📡 Связь: @Xshopsup\n📸 Гарант: @synpro_bot</b>', 'Syndicate Project Chat', 300, '17:13', 'https://i.ibb.co/JcSnj22/1.png', '79530995720', 1350055933, 'NoSend', 3, ''),
(58, -1001332422950, '<b>5️⃣ Балансы пятёрочки за 50%. Позволь себе больше!\n\n➖ Постоянные пополнения\n➖ Минимум невалида\n➖ Надежная система автоштрихов\n\n📡 Связь: @Xshopsup\n📸 Гарант: @lolzteam_garant_bot</b>', 'LOLZTEAM | УСЛУГИ', 60, '13:13', 'https://i.ibb.co/JcSnj22/1.png', '79530995720', 1350055933, 'NoSend', 15, ''),
(59, -1001355156600, '<b>5️⃣ Балансы пятёрочки за 50%. Позволь себе больше!\n\n➖ Постоянные пополнения\n➖ Минимум невалида\n➖ Надежная система автоштрихов\n\n📡 Связь: @Xshopsup\n📸 Гарант: да</b>', 'Black&White - Network', 120, '13:14', 'https://i.ibb.co/JcSnj22/1.png', '79530995720', 1350055933, 'NoSend', 7, ''),
(60, -1001149878195, '', 'PROJECT X | УСЛУГИ', 0, '', '', '79530995720', 1350055933, 'NoSend', 0, ''),
(61, -1001345262154, '<b>5️⃣ Балансы пятёрочки за 50%. Позволь себе больше!\n\n➖ Постоянные пополнения\n➖ Минимум невалида\n➖ Надежная система автоштрихов\n\n📡 Связь: @Xshopsup\n📸 Гарант: да</b>', '💲Бизнес VIP💲', 0, '', 'https://i.ibb.co/JcSnj22/1.png', '79530995720', 1350055933, 'NoSend', 0, ''),
(62, -1001296639584, '', 'BLACK4CHAT', 0, '', '', '79530995720', 1350055933, 'NoSend', 0, ''),
(63, -1001488867762, '', 'DARK STORAGE', 0, '', '', '79530995720', 1350055933, 'NoSend', 0, ''),
(64, -1001156125242, '<b>5️⃣ Балансы пятёрочки за 50%. Позволь себе больше!\n\n➖ Постоянные пополнения\n➖ Минимум невалида\n➖ Надежная система автоштрихов\n\n📡 Связь: @Xshopsup\n📸 Гарант: да</b>', 'ℂ𝕠𝕠𝕡𝕖𝕣𝕒𝕋𝕚𝕠𝕟', 0, '', '', '79530995720', 1350055933, 'NoSend', 0, ''),
(65, -1001301855036, '', 'Card Planet || Chat', 0, '', '', '79530995720', 1350055933, 'NoSend', 0, ''),
(66, -1001640313951, '<b>5️⃣ Балансы пятёрочки за 50%. Позволь себе больше!\n\n➖ Постоянные пополнения\n➖ Минимум невалида\n➖ Надежная система автоштрихов\n\n📡 Связь: @Xshopsup\n📸 Гарант: @lolzteam_garant_bot </b>', 'sdfadf', 0, '', 'https://i.ibb.co/JcSnj22/1.png', '79530995720', 1350055933, 'NoSend', 5, ''),
(67, -1001116678065, 'https://t.me/babkineprobllema', 'Взаимный пиар | Взаимная подписка', 0, '', '', '79372120892', 910205970, 'NoSend', 1, ''),
(68, -1001123001125, 'https://t.me/babkineprobllema', 'Взаимный Пиар', 0, '', '', '79372120892', 910205970, 'NoSend', 0, ''),
(69, -1001149334895, 'https://t.me/babkineprobllema', 'Z😜🤪Ⓜ️ PR NON - ST⛔️P', 2, '12:28', '', '79372120892', 910205970, 'NoSend', 50, ''),
(70, -1001219032351, 'https://t.me/babkineprobllema', 'Бесплатная Реклама', 0, '', '', '79372120892', 910205970, 'NoSend', 0, ''),
(71, -1001239561627, 'https://t.me/babkineprobllema', 'Чат пиара #1', 0, '', '', '79372120892', 910205970, 'NoSend', 0, ''),
(72, -1001250599849, 'https://t.me/babkineprobllema', 'Мега Пиар', 0, '', '', '79372120892', 910205970, 'NoSend', 0, ''),
(73, -1001268382065, 'https://t.me/babkineprobllema', 'PR', 1, '10:57', '', '79372120892', 910205970, 'NoSend', 10, ''),
(74, -1001269206788, '', 'SPAM/ЧАТ 1', 0, '', '', '79372120892', 910205970, 'NoSend', 0, ''),
(75, -1001271104855, 'https://t.me/babkineprobllema', 'PIAR Advertising', 0, '', '', '79372120892', 910205970, 'NoSend', 0, ''),
(76, -1001327446150, '', 'Общение пиар', 0, '', '', '79372120892', 910205970, 'NoSend', 0, ''),
(77, -1001349948946, 'https://t.me/babkineprobllema', 'Навигатор_ВП,реклама', 0, '', '', '79372120892', 910205970, 'NoSend', 0, ''),
(78, -1001352162431, '', 'PIAR ▫️ CHAT▪️▪️▪️ Реклама , ВП , ВР', 0, '', '', '79372120892', 910205970, 'NoSend', 0, ''),
(79, -1001352231624, '2', 'Чат Рекламы', 0, '', '', '79372120892', 910205970, 'NoSend', 0, ''),
(80, -1001352584545, '', 'ВзаимоПиар Чat', 0, '', '', '79372120892', 910205970, 'NoSend', 0, ''),
(81, -1001367021460, 'https://t.me/babkineprobllema', 'Пиар бесплатно', 0, '', '', '79372120892', 910205970, 'NoSend', 0, ''),
(82, -1001369775600, '', 'ПИАР ПИАР | СПАМ ПИАР', 0, '', '', '79372120892', 910205970, 'NoSend', 0, ''),
(83, -1001372316227, 'https://t.me/babkineprobllema', 'ПИАР ЧАТ. ВП', 2, '10:57', '', '79372120892', 910205970, 'NoSend', 5, ''),
(84, -1001384295317, '', 'Реклама ¦ Продвижение ¦ Пиар в Telegram', 0, '', '', '79372120892', 910205970, 'NoSend', 0, ''),
(85, -1001391012180, '', 'PR | БЕЗ ПРАВИЛ', 0, '', '', '79372120892', 910205970, 'NoSend', 0, ''),
(86, -1001391883618, '', 'Бесплатная реклама и общение !', 0, '', '', '79372120892', 910205970, 'NoSend', 0, ''),
(87, -1001460214877, 'https://t.me/babkineprobllema', '💯% Пиар, Бесплатная реклама 🎉', 0, '', '', '79372120892', 910205970, 'NoSend', 0, ''),
(88, -1001473747806, '', 'ВЗАИМНЫЕ ПОДПИСКИ', 0, '', '', '79372120892', 910205970, 'NoSend', 0, ''),
(89, -1001477347270, 'https://t.me/babkineprobllema', 'Раскрутка Тик ток, TikTok чат накрутка реклама новости админы пиар чат вп', 2, '10:57', '', '79372120892', 910205970, 'NoSend', 5, ''),
(90, -1001511115080, '', 'Доска объявлений', 0, '', '', '79372120892', 910205970, 'NoSend', 0, ''),
(91, -1001082623728, 'https://t.me/babkineprobllema', 'PR Links 👤+👥+👥👥', 0, '', '', '79372120892', 910205970, 'NoSend', 0, ''),
(92, -1001101165399, '', 'Piar_Vp_Pop_Group', 0, '', '', '79372120892', 910205970, 'NoSend', 0, ''),
(93, -1001116346545, 'https://t.me/babkineprobllema', '#PR Чат', 0, '', '', '79372120892', 910205970, 'NoSend', 0, ''),
(94, -1001120436326, '', '𝐏𝐢𝐚𝐫 𝐜𝐡𝐚𝐭/𝐁𝐞𝐬𝐭 𝐜𝐡𝐚𝐭', 0, '', '', '79372120892', 910205970, 'NoSend', 0, ''),
(95, -1001128956062, 'https://t.me/babkineprobllema', '🌐Piar Duble Chat🌐', 0, '', '', '79372120892', 910205970, 'NoSend', 0, ''),
(96, -1001136248359, '', 'Бесплатный Пиар', 0, '', '', '79372120892', 910205970, 'NoSend', 0, ''),
(97, -1001139470855, 'https://t.me/babkineprobllema', 'Пиар-чат PiarTv', 0, '', '', '79372120892', 910205970, 'NoSend', 0, ''),
(98, -1001162974952, '', 'Реклама, пиар', 0, '', '', '79372120892', 910205970, 'NoSend', 0, ''),
(99, -1001165861177, 'https://t.me/babkineprobllema', 'ПИАР ЧАТ №1🔞 / Реклама🔊💯', 2, '12:28', '', '79372120892', 910205970, 'NoSend', 51, ''),
(100, -1001170347541, '', 'PiarChatFree', 0, '', '', '79372120892', 910205970, 'NoSend', 0, ''),
(101, -1001183226575, '', 'ПИАР БЕЗ ГРАНИЦ', 0, '', '', '79372120892', 910205970, 'NoSend', 0, ''),
(102, -1001202837060, '', '🌟РЕКЛАМНОЕ-АГЕНСТВО🌟', 0, '', '', '79372120892', 910205970, 'NoSend', 0, ''),
(103, -1001247656058, 'https://t.me/babkineprobllema', '⭕️ ПИАР Чат ⭕️', 2, '10:57', '', '79372120892', 910205970, 'NoSend', 7, ''),
(104, -1001253243397, '', 'Пиар Чат Взаимный пиар Реклама', 0, '', '', '79372120892', 910205970, 'NoSend', 0, ''),
(105, -1001263892143, '', 'ПИАР | ВЗАИМНАЯ ПОДПИСКА', 0, '', '', '79372120892', 910205970, 'NoSend', 0, ''),
(106, -1001270203669, '', 'Piar Spam Group', 0, '', '', '79372120892', 910205970, 'NoSend', 0, ''),
(107, -1001290362227, 'https://t.me/babkineprobllema', 'Пиар Ч@т 🐧', 0, '', '', '79372120892', 910205970, 'NoSend', 0, ''),
(108, -1001304375782, '', '🐝Reklama', 0, '', '', '79372120892', 910205970, 'NoSend', 0, ''),
(109, -1001430898510, 'https://t.me/babkineprobllema', '🔥PR Без границ🔥', 0, '', '', '79372120892', 910205970, 'NoSend', 0, ''),
(110, -1001463713325, '', '𝗽𝗶𝗮𝗿 𝗰𝗵𝗮𝘁', 0, '', '', '79372120892', 910205970, 'NoSend', 0, ''),
(111, -1001101736275, 'https://t.me/babkineprobllema', 'РЕПОСТЫ ПИАР РЕКЛАМА', 2, '10:57', '', '79372120892', 910205970, 'NoSend', 6, ''),
(112, -1001101741404, '', 'Пиарься Бесплатно', 0, '', '', '79372120892', 910205970, 'NoSend', 0, ''),
(113, -1001108282320, 'https://t.me/babkineprobllema', 'Pirates PR', 2, '12:28', '', '79372120892', 910205970, 'NoSend', 53, ''),
(114, -1001134611082, '', 'Pr chat', 0, '', '', '79372120892', 910205970, 'NoSend', 0, ''),
(115, -1001138559040, '', 'Пиар хостинг 💬', 0, '', '', '79372120892', 910205970, 'NoSend', 0, ''),
(116, -1001147023614, '', 'FREE РЕКЛАМА 🆓', 0, '', '', '79372120892', 910205970, 'NoSend', 0, ''),
(117, -1001147440848, 'https://t.me/babkineprobllema', 'FreeBonus', 0, '', '', '79372120892', 910205970, 'NoSend', 0, ''),
(118, -1001148662905, '', 'ВП И ПИАР БЕСПЛАТНО!', 0, '', '', '79372120892', 910205970, 'NoSend', 0, ''),
(119, -1001149743676, 'https://t.me/babkineprobllema', 'PR без правил!', 2, '12:28', '', '79372120892', 910205970, 'NoSend', 53, ''),
(120, -1001151636478, '', '✅ПИАР. РЕКЛАМА.✅', 0, '', '', '79372120892', 910205970, 'NoSend', 0, ''),
(121, -1001172696523, 'https://t.me/babkineprobllema', 'lilLavochkaGroopOne', 2, '10:57', '', '79372120892', 910205970, 'NoSend', 4, ''),
(122, -1001176782945, '', 'JUST DO PR', 0, '', '', '79372120892', 910205970, 'NoSend', 0, ''),
(123, -1001184956082, 'https://t.me/babkineprobllema', 'Пиар & ВП', 0, '', '', '79372120892', 910205970, 'NoSend', 0, ''),
(124, -1001185208869, '', 'freepiarchatt', 0, '', '', '79372120892', 910205970, 'NoSend', 0, ''),
(125, -1001191485143, 'https://t.me/babkineprobllema', 'Пиар для Тестеров', 0, '', '', '79372120892', 910205970, 'NoSend', 0, ''),
(126, -1001192491467, '', 'PR Spamm', 0, '', '', '79372120892', 910205970, 'NoSend', 0, ''),
(127, -1001192733194, 'https://t.me/babkineprobllema', '☃️ Взаимная подписка | Пиар', 0, '', '', '79372120892', 910205970, 'NoSend', 0, ''),
(128, -1001203299056, '', 'ВЗАИМНЫЙ ПИАР, РЕКЛАМА, ПОДПИСКА', 0, '', '', '79372120892', 910205970, 'NoSend', 0, ''),
(129, -1001205809508, 'https://t.me/babkineprobllema', 'ПОКУПКА|ПРОДАЖА РЕКЛАМЫ.ПОИСК ВП✓✓✓', 0, '', '', '79372120892', 910205970, 'NoSend', 0, ''),
(130, -1001251766034, '', 'топ пиар чат 2', 0, '', '', '79372120892', 910205970, 'NoSend', 0, ''),
(131, -1001253299155, 'https://t.me/babkineprobllema', '#Реклама№1', 2, '10:57', '', '79372120892', 910205970, 'NoSend', 8, ''),
(132, -1001286189626, 'https://t.me/babkineprobllema', '🔺Взаимопиар реклама🔺', 0, '', '', '79372120892', 910205970, 'NoSend', 0, ''),
(133, -1001298494640, 'https://t.me/babkineprobllema', 'Комунальная квартира👍👍👍', 0, '', '', '79372120892', 910205970, 'NoSend', 0, ''),
(134, -1001308426804, 'https://t.me/babkineprobllema', 'PR|Чат реклама, продвижение', 0, '', '', '79372120892', 910205970, 'NoSend', 0, ''),
(135, -1001308658562, 'https://t.me/babkineprobllema', '💥PirCha', 0, '', '', '79372120892', 910205970, 'NoSend', 0, ''),
(136, -1001315017779, '', '🔥 FREE ПИАР ‼️ ВП ‼️ СПАМ 🔥', 0, '', '', '79372120892', 910205970, 'NoSend', 0, ''),
(137, -1001315408982, 'https://t.me/babkineprobllema', '🔥PiarChannel[ВП]🔥', 0, '', '', '79372120892', 910205970, 'NoSend', 0, ''),
(138, -1001317440345, '', 'Обсуждаем заработок в Интернете', 0, '', '', '79372120892', 910205970, 'NoSend', 0, ''),
(139, -1001335946313, 'https://t.me/babkineprobllema', 'Реклама и Пиар', 0, '', '', '79372120892', 910205970, 'NoSend', 0, ''),
(140, -1001351000911, 'https://t.me/babkineprobllema', 'Comethazine🥥', 0, '', '', '79372120892', 910205970, 'NoSend', 0, ''),
(141, -1001365706875, 'https://t.me/babkineprobllema', 'Взаимопиар чат', 0, '', '', '79372120892', 910205970, 'NoSend', 0, ''),
(142, -1001377995930, 'https://t.me/babkineprobllema', '🍒 public relations', 0, '', '', '79372120892', 910205970, 'NoSend', 0, ''),
(143, -1001383184740, 'https://t.me/babkineprobllema', 'Lucky Spam', 0, '', '', '79372120892', 910205970, 'NoSend', 0, ''),
(144, -1001383887992, 'https://t.me/babkineprobllema', 'Биржа рекламы🔥Пиар🔥', 0, '', '', '79372120892', 910205970, 'NoSend', 0, ''),
(145, -1001385359973, '', 'ПИАР БЕЗ ОГРАНИЧЕНИЙ', 0, '', '', '79372120892', 910205970, 'NoSend', 0, ''),
(146, -1001398399381, 'https://t.me/babkineprobllema', 'СПАМ|ЧАТ-3-☑️🔥🔥🔥', 0, '', '', '79372120892', 910205970, 'NoSend', 0, ''),
(147, -1001421562903, 'https://t.me/babkineprobllema', '⚡PRO ПИАР-ЧАТ⚡', 0, '', '', '79372120892', 910205970, 'NoSend', 0, ''),
(148, -1001437031724, '', 'ПИАР ЧАТ | ℙ𝕀𝔸ℝ ℂℍ𝔸𝕋', 0, '', '', '79372120892', 910205970, 'NoSend', 0, ''),
(149, -1001460479614, 'https://t.me/babkineprobllema', 'PIAR CHAT | AdSpot', 0, '', '', '79372120892', 910205970, 'NoSend', 0, ''),
(150, -1001468354189, 'https://t.me/babkineprobllema', '✴️ПИАР ЧАТ 24/7☢️', 0, '', '', '79372120892', 910205970, 'NoSend', 0, ''),
(151, -1001482948888, 'https://t.me/babkineprobllema', 'Реклама. Пиар. ВП.', 0, '', '', '79372120892', 910205970, 'NoSend', 0, ''),
(152, -1001498496215, 'https://t.me/babkineprobllema', 'FREE PIAR ™', 0, '', '', '79372120892', 910205970, 'NoSend', 0, ''),
(153, -1001498940574, 'https://t.me/babkineprobllema', '🐍Пиар Группа🐍', 1, '10:57', '', '79372120892', 910205970, 'NoSend', 64, ''),
(155, -1001078982921, 'https://t.me/babkineprobllema', 'Заяви о себе', 0, '', '', '79372120892', 910205970, 'NoSend', 0, ''),
(156, -1001109412718, '', 'FREE PIAR CHAT | Реклама, пиар, чат', 0, '', '', '79372120892', 910205970, 'NoSend', 0, ''),
(157, -1001125979586, 'https://t.me/babkineprobllema', 'Spam Piar🔥🔥🔥', 0, '', '', '79372120892', 910205970, 'NoSend', 0, ''),
(158, -1001129981445, 'https://t.me/babkineprobllema', 'FreePR: Ваш канал/Реклама/Взаимный пиар', 2, '10:57', '', '79372120892', 910205970, 'NoSend', 8, ''),
(159, -1001132827354, 'https://t.me/babkineprobllema', '💯ПИАР PR+💯', 2, '12:28', '', '79372120892', 910205970, 'NoSend', 54, ''),
(160, -1001139683115, 'https://t.me/babkineprobllema', 'БЕСПЛАТНЫЙ ПИАР FREE', 0, '', '', '79372120892', 910205970, 'NoSend', 0, ''),
(161, -1001188247575, 'https://t.me/babkineprobllema', 'ПИАР Чат!!! Пиарься без ограничений!!!10k+', 0, '', '', '79372120892', 910205970, 'NoSend', 0, ''),
(162, -1001256207135, 'https://t.me/babkineprobllema', 'Рекламный Чат Telegram', 0, '', '', '79372120892', 910205970, 'NoSend', 0, ''),
(163, -1001267019244, 'https://t.me/babkineprobllema', '👑 V.I.P. ЧАТ 👑 ПИАР 🌎 ОБЩЕНИЕ 🌎', 0, '', '', '79372120892', 910205970, 'NoSend', 1, ''),
(164, -1001275373093, 'https://t.me/babkineprobllema', 'ПИАР📢', 2, '12:28', '', '79372120892', 910205970, 'NoSend', 54, ''),
(165, -1001349113719, 'https://t.me/babkineprobllema', 'ВзаимоПиар, Бесплатный пиар.', 1, '10:57', '', '79372120892', 910205970, 'NoSend', 75, ''),
(166, -1001488898663, 'https://t.me/babkineprobllema', 'ПРОСМОТРЫ | ПИАР | СПАМ | БЕЗ БАНА | PR | PIAR | SPAM | NO RULES | РЕКЛАМА', 2, '12:28', '', '79372120892', 910205970, 'NoSend', 111, ''),
(167, -1001102562153, 'https://t.me/babkineprobllema', 'Самопиар|ВП|Реклама', 0, '', '', '79372120892', 910205970, 'NoSend', 0, ''),
(168, -1001103997289, '', 'Free VPP', 0, '', '', '79372120892', 910205970, 'NoSend', 0, ''),
(169, -1001135389220, '', 'PR чат №1', 0, '', '', '79372120892', 910205970, 'NoSend', 0, ''),
(170, -1001142625734, '', 'ПиАр#ЧаT 1', 0, '', '', '79372120892', 910205970, 'NoSend', 0, ''),
(171, -1001189201298, '', '✔ PR ЧАТ 💯', 0, '', '', '79372120892', 910205970, 'NoSend', 0, ''),
(172, -1001197926173, '', 'KING PIAR', 0, '', '', '79372120892', 910205970, 'NoSend', 0, ''),
(173, -1001276214891, '', 'Пиар чат/PR chat', 0, '', '', '79372120892', 910205970, 'NoSend', 0, ''),
(174, -1001279024994, '', 'VIP ЧАТ |♤ВП | ПИАР ♠️ | РЕКЛАМА', 0, '', '', '79372120892', 910205970, 'NoSend', 0, ''),
(175, -1001287902211, '', 'ВЗАИМНЫЙ PR БЕЗ ПРАВИЛ!!!', 0, '', '', '79372120892', 910205970, 'NoSend', 0, ''),
(176, -1001292112262, '', 'ПИАРЬ ПРОЕКТ', 0, '', '', '79372120892', 910205970, 'NoSend', 0, ''),
(177, -1001299642556, '', 'Free PR [3.0]', 0, '', '', '79372120892', 910205970, 'NoSend', 0, ''),
(178, -1001325285917, '', 'Пиар чат , Заработок , Продажа Chat', 0, '', '', '79372120892', 910205970, 'NoSend', 0, ''),
(179, -1001366775364, '', 'Пиар чат без ограничения', 0, '', '', '79372120892', 910205970, 'NoSend', 0, ''),
(180, -1001405306328, '', 'PR for ALL', 0, '', '', '79372120892', 910205970, 'NoSend', 0, ''),
(181, -1001496486947, '', 'PIAR Беларусь🇧🇾🇧🇾', 0, '', '', '79372120892', 910205970, 'NoSend', 0, ''),
(182, -1001139595826, '', 'Пиар без границ ™', 0, '', '', '79372120892', 910205970, 'NoSend', 0, ''),
(183, -1001147262031, '', 'ВП-Пиар Чат', 0, '', '', '79372120892', 910205970, 'NoSend', 0, ''),
(184, -1001185464023, '', 'БЕСПЛАТНЫЙ ПИАР ◇ПОЕХАЛИ', 0, '', '', '79372120892', 910205970, 'NoSend', 0, ''),
(185, -1001339927577, '', '🔱 Перший 🅿️R chat|🇺🇦', 0, '', '', '79372120892', 910205970, 'NoSend', 0, ''),
(186, -1001359086605, '', 'Бесплатный ПИАР', 0, '', '', '79372120892', 910205970, 'NoSend', 0, ''),
(187, -1001471712815, '', 'Взаимный пиар ВП Чат Раскрутка', 0, '', '', '79372120892', 910205970, 'NoSend', 0, ''),
(188, -1001483124811, '', 'PIAR Молдавия🇲🇩🇲🇩', 0, '', '', '79372120892', 910205970, 'NoSend', 0, ''),
(189, -1001144660999, '', 'Пиар для всех', 0, '', '', '79372120892', 910205970, 'NoSend', 0, ''),
(190, -1001197368453, '', 'Пиаримся в Telegram', 0, '', '', '79372120892', 910205970, 'NoSend', 0, ''),
(191, -1001281701073, '', 'ЖИРНЫЙ ПИАР 🍔 👍', 0, '', '', '79372120892', 910205970, 'NoSend', 0, ''),
(192, -1001314183392, '', 'PR Top Chat', 0, '', '', '79372120892', 910205970, 'NoSend', 0, ''),
(193, -1001316524226, '', '🇵 🇮 🇦 🇷 🅱🅔🅢🅟🅛🅰🅣🅝🅞🇷🇺', 0, '', '', '79372120892', 910205970, 'NoSend', 0, ''),
(194, -1001144348661, '', 'Бесплатный PR - Maestro Group', 0, '', '', '79372120892', 910205970, 'NoSend', 0, ''),
(195, -1001149599434, '', 'Пиарься Бесплатно 2.0', 0, '', '', '79372120892', 910205970, 'NoSend', 0, ''),
(196, -1001277640178, '', '💎 ПИАР Бесплатно 💎', 0, '', '', '79372120892', 910205970, 'NoSend', 0, ''),
(197, -1001278476567, '', '‼⇨ВЗАИМНЫЙ ПИАР⇦‼', 0, '', '', '79372120892', 910205970, 'NoSend', 0, ''),
(198, -1001299947052, '', 'Spam Europa 🇮🇹🇪🇺', 0, '', '', '79372120892', 910205970, 'NoSend', 0, ''),
(199, -1001374891461, '', 'Реклама, пиар бесплатно!', 0, '', '', '79372120892', 910205970, 'NoSend', 0, ''),
(200, -1001463944970, '', 'PR free chat | Бесплатный пиар', 0, '', '', '79372120892', 910205970, 'NoSend', 0, ''),
(201, -1001246376113, '', 'Free Piar', 0, '', '', '79372120892', 910205970, 'NoSend', 0, ''),
(202, -1001286337418, '', 'ВзаимоПиар chat', 0, '', '', '79372120892', 910205970, 'NoSend', 0, ''),
(203, -1001287687021, '', 'Best👁‍🗨Chat Твоя реклама', 0, '', '', '79372120892', 910205970, 'NoSend', 0, ''),
(204, -1001370539601, '', 'Deep PIAR', 0, '', '', '79372120892', 910205970, 'NoSend', 0, ''),
(205, -1001455789531, '', '⁨꧁ ♦️ℭςӹሉҝน♦️ ꧂⁩ TELEGRAM', 0, '', '', '79372120892', 910205970, 'NoSend', 0, ''),
(206, -1001492740512, '', 'Взаимные подписки ВЗ', 0, '', '', '79372120892', 910205970, 'NoSend', 0, ''),
(207, -1001121658827, '', 'Бесплатный пиар', 0, '', '', '79372120892', 910205970, 'NoSend', 0, ''),
(208, -1001148149511, '', 'ПИАР ЧАТ /ВП/', 0, '', '', '79372120892', 910205970, 'NoSend', 0, ''),
(209, -1001166265937, '', 'ТЕНЕВОЙ & БИЗНЕС ЧАТ', 0, '', '', '79372120892', 910205970, 'NoSend', 0, ''),
(210, -1001258409918, '', 'РЕКЛАМНЫЙ BOOM!!!', 0, '', '', '79372120892', 910205970, 'NoSend', 0, ''),
(211, -1001293872350, '', 'ПИАР БЕЗ БАНА', 0, '', '', '79372120892', 910205970, 'NoSend', 0, ''),
(212, -1001197819785, '', '🚀ВП - Взаимная Подписка📢', 0, '', '', '79372120892', 910205970, 'NoSend', 0, ''),
(213, -1001493188294, '', 'ПИАР for YOU', 0, '', '', '79372120892', 910205970, 'NoSend', 0, ''),
(214, -1001170958429, '', 'Пиар&Реклама', 0, '', '', '79372120892', 910205970, 'NoSend', 0, ''),
(215, -1001173827351, '', 'PR chat & Реклама', 0, '', '', '79372120892', 910205970, 'NoSend', 0, ''),
(216, -1001269066863, '', '✅ПИАР | РЕКЛАМА | ЧАТ✅', 0, '', '', '79372120892', 910205970, 'NoSend', 0, ''),
(217, -1001347627180, '', 'СПАМ ЧАТ 1!', 0, '', '', '79372120892', 910205970, 'NoSend', 0, ''),
(218, -1001459281113, '', 'HouseTop+ PR ⚡️', 0, '', '', '79372120892', 910205970, 'NoSend', 0, ''),
(219, -1001054997255, '', 'Bussines Online', 0, '', '', '79372120892', 910205970, 'NoSend', 0, ''),
(220, -1001088197401, '', 'Пиар/Меги/ВП FREE', 0, '', '', '79372120892', 910205970, 'NoSend', 0, ''),
(221, -1001111268068, '', 'PR chat', 0, '', '', '79372120892', 910205970, 'NoSend', 0, ''),
(222, -1001114471419, '', 'СПАМ ЧАТ', 0, '', '', '79372120892', 910205970, 'NoSend', 0, ''),
(223, -1001119353235, '', 'Лайм компани', 0, '', '', '79372120892', 910205970, 'NoSend', 0, ''),
(224, -1001120441491, '', 'ПИАР БЕСПЛАТНО!', 0, '', '', '79372120892', 910205970, 'NoSend', 0, ''),
(225, -1001155572189, '', 'PEAR ГРУППА ССЫЛОК', 0, '', '', '79372120892', 910205970, 'NoSend', 0, ''),
(226, -1001157802605, '', 'Взаимные подписки | Пиар', 0, '', '', '79372120892', 910205970, 'NoSend', 0, ''),
(227, -1001160866621, '', 'Чат ВП / Пиар чат', 0, '', '', '79372120892', 910205970, 'NoSend', 0, ''),
(228, -1001179300167, '', 'Взаимные подписки', 0, '', '', '79372120892', 910205970, 'NoSend', 0, ''),
(229, -1001187362355, '', 'Пиар.Реклама.СПАМ.', 0, '', '', '79372120892', 910205970, 'NoSend', 0, ''),
(230, -1001188374655, '', 'Tmarket PR chat', 0, '', '', '79372120892', 910205970, 'NoSend', 0, ''),
(231, -1001193991146, '', 'ПИАРЬСЯ БЕСПЛАТНО', 0, '', '', '79372120892', 910205970, 'NoSend', 0, ''),
(232, -1001194450292, '', 'Реклама. Пиар', 0, '', '', '79372120892', 910205970, 'NoSend', 0, ''),
(233, -1001207736913, '', 'Пиар чат 2019', 0, '', '', '79372120892', 910205970, 'NoSend', 0, ''),
(234, -1001224888863, '', 'Бесплатны пиар каналов', 0, '', '', '79372120892', 910205970, 'NoSend', 0, ''),
(235, -1001240555446, '', 'Easy Followers PIAR VP', 0, '', '', '79372120892', 910205970, 'NoSend', 0, ''),
(236, -1001255022410, '', 'ПИАР|ЧАТ 💬', 0, '', '', '79372120892', 910205970, 'NoSend', 0, ''),
(237, -1001255309438, '', '⚠️ PIAR CHAT ⚠️', 0, '', '', '79372120892', 910205970, 'NoSend', 0, ''),
(238, -1001273236449, '', 'Пиар без Бана®️', 0, '', '', '79372120892', 910205970, 'NoSend', 0, ''),
(239, -1001277255650, '', 'Все Hype-проекты, спам без тормозов,', 0, '', '', '79372120892', 910205970, 'NoSend', 0, ''),
(240, -1001279920593, '', 'Реклама & Пиар🔊', 0, '', '', '79372120892', 910205970, 'NoSend', 0, ''),
(241, -1001279930178, '', '𝗦𝗽𝗮𝗺𝗺𝗲𝗿𝘀 2', 0, '', '', '79372120892', 910205970, 'NoSend', 0, ''),
(242, -1001286094509, '', '𝗦𝗽𝗮𝗺𝗺𝗲𝗿𝘀 1', 0, '', '', '79372120892', 910205970, 'NoSend', 0, ''),
(243, -1001296223725, '', 'Лайм компани', 0, '', '', '79372120892', 910205970, 'NoSend', 0, ''),
(244, -1001304232959, '', 'Пи🅰р Ч🅰т \"ВРЕМЯ - ДЕНЬГИ\"', 0, '', '', '79372120892', 910205970, 'NoSend', 0, ''),
(245, -1001308599886, '', 'PR PIAR CHAT REKLAMA PEKLAMA', 0, '', '', '79372120892', 910205970, 'NoSend', 0, ''),
(246, -1001324222018, '', '🐝Ваша Реклама🔥🔥', 0, '', '', '79372120892', 910205970, 'NoSend', 0, ''),
(247, -1001330577865, '', 'ПИАРMIX | Бесплатный пиар', 0, '', '', '79372120892', 910205970, 'NoSend', 0, ''),
(248, -1001331650505, '', 'В҉З҉А҉И҉М҉Н҉Ы҉Й҉ ҉П҉И҉А҉Р҉ ҉|҉ ҉W҉O҉R҉L҉D҉ ҉M҉A҉R҉K҉E҉T҉I҉N҉G҉', 0, '', '', '79372120892', 910205970, 'NoSend', 0, ''),
(249, -1001337264289, '', 'Пиар PIAR', 0, '', '', '79372120892', 910205970, 'NoSend', 0, ''),
(250, -1001343801712, '', '🏭ФАБРИКА ПИАРА🏭', 0, '', '', '79372120892', 910205970, 'NoSend', 0, ''),
(251, -1001344264342, '', 'Взаимный Пиар| Подписки| Реклама', 0, '', '', '79372120892', 910205970, 'NoSend', 0, ''),
(252, -1001350379083, '', 'Пиар Чатов Каналов | ВП и Ссылки', 0, '', '', '79372120892', 910205970, 'NoSend', 0, ''),
(253, -1001361355316, '', 'Пиаримся бесплатно', 0, '', '', '79372120892', 910205970, 'NoSend', 0, ''),
(254, -1001363591620, '', 'P R - c h a n n e l', 0, '', '', '79372120892', 910205970, 'NoSend', 0, ''),
(255, -1001363743803, '', 'VP Взаимная Подписка', 0, '', '', '79372120892', 910205970, 'NoSend', 0, ''),
(256, -1001372048627, '', 'VP_chat', 0, '', '', '79372120892', 910205970, 'NoSend', 0, ''),
(257, -1001399338890, '', 'ВЗАИМОПИАР', 0, '', '', '79372120892', 910205970, 'NoSend', 0, ''),
(258, -1001415733679, '', 'Чёрный пиар', 0, '', '', '79372120892', 910205970, 'NoSend', 0, ''),
(259, -1001415776535, '', 'Pr_Chat309', 0, '', '', '79372120892', 910205970, 'NoSend', 0, ''),
(260, -1001434280524, '', 'PR LINK CHAT Siberia', 0, '', '', '79372120892', 910205970, 'NoSend', 0, ''),
(261, -1001447592983, '', 'PR v Telegramme', 0, '', '', '79372120892', 910205970, 'NoSend', 0, ''),
(262, -1001455918769, '', '⚜ПИАР ЧАТ | РЕКЛАМА | ВП ВЗ', 0, '', '', '79372120892', 910205970, 'NoSend', 0, ''),
(263, -1001457311820, '', '📊FREE ADVERTISE〽️ #STAYHOME', 0, '', '', '79372120892', 910205970, 'NoSend', 0, ''),
(264, -1001457482872, '', '𝓕𝓡𝓔𝓔-𝓟𝓡-(РЕКЛАМА И ВП БЕСПЛАТНО)', 0, '', '', '79372120892', 910205970, 'NoSend', 0, ''),
(265, -1001468606150, '', '💎 ВЗАИМНЫЙ ПИАР PR ВП БЕЗ ПРАВИЛ 💎', 0, '', '', '79372120892', 910205970, 'NoSend', 0, ''),
(266, -1001476244204, '', 'Биржа | Пиар | Реклама', 0, '', '', '79372120892', 910205970, 'NoSend', 0, ''),
(267, -1001487009914, '', 'Взаимно пиар', 0, '', '', '79372120892', 910205970, 'NoSend', 0, ''),
(268, -1001234745093, '', 'Пиар/Реклама/SPAM', 0, '', '', '79372120892', 910205970, 'NoSend', 0, ''),
(269, -1001267526993, '', 'PR_БЕСПРЕДЕЛ', 0, '', '', '79372120892', 910205970, 'NoSend', 0, ''),
(270, -1001322033784, '', '💥💲РЕКЛАМНАЯ ПЛОЩАДКА 💯💲🗣📢💥☎️', 0, '', '', '79372120892', 910205970, 'NoSend', 0, ''),
(271, -1001109809268, '', 'Каталог с бесплатным моментальным размещением', 0, '', '', '79372120892', 910205970, 'NoSend', 0, ''),
(272, -1001159845683, '', '🏜️Пиар ____☀️____₽🥵', 0, '', '', '79372120892', 910205970, 'NoSend', 0, ''),
(273, -1001265195007, '', '🌍 Spam Piar Chatik 🌍', 0, '', '', '79372120892', 910205970, 'NoSend', 0, ''),
(274, -1001303682637, '', 'Бесплатный пиар', 0, '', '', '79372120892', 910205970, 'NoSend', 0, ''),
(275, -1001381799599, '', 'PR - FOREST', 0, '', '', '79372120892', 910205970, 'NoSend', 0, ''),
(276, -1001396352540, '', 'Piar Chat без арабов', 0, '', '', '79372120892', 910205970, 'NoSend', 0, ''),
(277, -1001439223624, '', 'BOOM PIAR', 0, '', '', '79372120892', 910205970, 'NoSend', 0, ''),
(278, -1001364805470, '', 'Пиар ББ', 0, '', '', '79372120892', 910205970, 'NoSend', 0, ''),
(279, -1001489584940, '', 'BANana 🍌 Free SPAM', 0, '', '', '79372120892', 910205970, 'NoSend', 0, ''),
(280, -1001265794017, '', 'Piar Chat', 0, '', '', '79372120892', 910205970, 'NoSend', 0, ''),
(281, -1001147300869, '', 'FREE PR', 0, '', '', '79372120892', 910205970, 'NoSend', 0, ''),
(282, -1001257384795, '', '🔕Только покупка и продажа !', 0, '', '', '79372120892', 910205970, 'NoSend', 0, ''),
(283, -1001294023772, '', 'ПИАР | РЕКЛАМА | ВЗАИМОПИАР', 0, '', '', '79372120892', 910205970, 'NoSend', 0, ''),
(284, -1001345563574, '', 'PR реклама взаимопиар спам', 0, '', '', '79372120892', 910205970, 'NoSend', 0, ''),
(285, -1001444565444, '', 'Piar Chat', 0, '', '', '79372120892', 910205970, 'NoSend', 0, ''),
(286, -1001133044145, '', 'КОРОЛЕВСКИЙ 👑 ПИАР', 0, '', '', '79372120892', 910205970, 'NoSend', 0, ''),
(287, -1001136430288, '', '@ChatNoRules', 0, '', '', '79372120892', 910205970, 'NoSend', 0, ''),
(288, -1001395752900, '', 'ПИАР ЧАТ', 0, '', '', '79372120892', 910205970, 'NoSend', 0, ''),
(289, -1001465107757, '', 'Пиар БЕЗ ОГРАНИЧЕНИЙ', 0, '', '', '79372120892', 910205970, 'NoSend', 0, ''),
(290, -1001487555151, '', 'DIAMOND PR', 0, '', '', '79372120892', 910205970, 'NoSend', 0, ''),
(291, -1001300156272, '', 'PIAR Казахстан 🇰🇿 🇰🇿', 0, '', '', '79372120892', 910205970, 'NoSend', 0, ''),
(292, -1001102500545, '', 'PR of channels', 0, '', '', '79372120892', 910205970, 'NoSend', 0, ''),
(293, -1001142837228, '', 'СпецПиар', 0, '', '', '79372120892', 910205970, 'NoSend', 0, ''),
(294, -1001192077008, '', 'Пиар для всех!', 0, '', '', '79372120892', 910205970, 'NoSend', 0, ''),
(295, -1001211394121, '', 'РЕФЕРАЛЫ❗ПИАР❗ ЗАРОБОТОК', 0, '', '', '79372120892', 910205970, 'NoSend', 0, ''),
(296, -1001319794450, '', 'SPAM Пиарщик', 0, '', '', '79372120892', 910205970, 'NoSend', 0, ''),
(297, -1001451011394, '', 'ВЗАИМНЫЙ ПИАР', 0, '', '', '79372120892', 910205970, 'NoSend', 0, ''),
(298, -1001414560476, '', '𝙋𝙄𝘼𝙍 | 𝙑𝙋 | 𝙍𝙀𝙆𝙇𝘼𝙈𝘼', 0, '', '', '79372120892', 910205970, 'NoSend', 0, ''),
(299, -1001537468665, '', 'Пиар бесплатно', 0, '', '', '79372120892', 910205970, 'NoSend', 0, ''),
(300, -1001143066696, '', 'Биржа Рекламы / Каналов / Пиар / Взаимные подписки/ Поиск работы /', 0, '', '', '79372120892', 910205970, 'NoSend', 0, ''),
(301, -1001240063582, '', 'РЕКЛАМА ПИАР ЧАТ \"НОВЫЕ ЛЮДИ\"', 0, '', '', '79372120892', 910205970, 'NoSend', 0, ''),
(302, -1001287641469, '', '𝗣𝗜𝗔𝗥 𝗖𝗛𝗔𝗧🦖💨', 0, '', '', '79372120892', 910205970, 'NoSend', 0, ''),
(303, -1001190716745, '', 'Spam TGK', 0, '', '', '79372120892', 910205970, 'NoSend', 0, ''),
(304, -1001236659014, '', 'Взаимный пиар| ВП | чат самопиар реклама👍', 0, '', '', '79372120892', 910205970, 'NoSend', 0, ''),
(305, -1001175317791, '', 'PR CHAT_309°', 0, '', '', '79372120892', 910205970, 'NoSend', 0, ''),
(306, -1001398160999, '', 'PR Group', 0, '', '', '79372120892', 910205970, 'NoSend', 0, ''),
(307, -1001369850045, '', 'Бесплатный пиар-чат каналов', 0, '', '', '79372120892', 910205970, 'NoSend', 0, ''),
(308, -1001397201242, '', 'Пиар/взаимный пиар/платный и бесплатный пиар', 0, '', '', '79372120892', 910205970, 'NoSend', 0, ''),
(309, -1001190913098, '', 'Бесплатный пиар [3.5]', 0, '', '', '79372120892', 910205970, 'NoSend', 0, ''),
(310, -1001385656701, '', 'Халявный пиар', 0, '', '', '79372120892', 910205970, 'NoSend', 0, ''),
(311, -1001276560180, '', 'РЕКЛАМА КАНАЛОВ', 0, '', '', '79372120892', 910205970, 'NoSend', 0, ''),
(312, -1001485364137, '', 'Pr chat 2', 0, '', '', '79372120892', 910205970, 'NoSend', 0, ''),
(313, -1001488435277, '', 'Пиар', 0, '', '', '79372120892', 910205970, 'NoSend', 0, ''),
(314, -1001366010879, '', 'PIAR ▫️ CHAT▪️▪️▪️ Реклама , ВП , ВР', 0, '', '', '79372120892', 910205970, 'NoSend', 0, ''),
(315, -1001282149893, '', '📢ПИАРНЫЙ ЧАТ📢', 0, '', '', '79372120892', 910205970, 'NoSend', 0, ''),
(316, -1001440987931, '', 'PR без бана', 0, '', '', '79372120892', 910205970, 'NoSend', 0, ''),
(317, -1001197407191, '', 'Вейп чат Минск', 0, '', '', '79372120892', 910205970, 'NoSend', 0, ''),
(318, -1001387936433, '', 'Пиар чат', 0, '', '', '79372120892', 910205970, 'NoSend', 0, ''),
(319, -1001474249596, '', 'РЕКЛАМА И ПИАР!🤝🏪', 0, '', '', '79372120892', 910205970, 'NoSend', 0, ''),
(320, -1001518757751, '', 'Пиар Телеграм', 0, '', '', '79372120892', 910205970, 'NoSend', 0, ''),
(321, -1001192462584, '', '📎Биржа Продам/Куплю. Реклама.', 0, '', '', '79372120892', 910205970, 'NoSend', 0, ''),
(322, -1001237992778, '', '💥 Взаимные подписки, PR чат 💥', 0, '', '', '79372120892', 910205970, 'NoSend', 0, ''),
(323, -1001441783679, '', 'Взаимопиар реклама', 0, '', '', '79372120892', 910205970, 'NoSend', 0, ''),
(324, -1001425959520, '', 'PR Group-1', 0, '', '', '79372120892', 910205970, 'NoSend', 0, ''),
(325, -1001468064339, '', 'PR Group-3', 0, '', '', '79372120892', 910205970, 'NoSend', 0, ''),
(326, -1001267880076, '', 'Бесплатная реклама', 0, '', '', '79372120892', 910205970, 'NoSend', 0, ''),
(327, -1001267555629, '', 'Лек Пиар🦅', 0, '', '', '79372120892', 910205970, 'NoSend', 0, ''),
(328, -1001262867489, '', 'Пиарься бесплатно!!! Складчина от дяди Фёдора', 0, '', '', '79372120892', 910205970, 'NoSend', 0, ''),
(329, -1001212213712, '', 'ВП (ПОРНО, 18+, ЭРО) Реклама', 0, '', '', '79372120892', 910205970, 'NoSend', 0, ''),
(330, -1001119124233, '', 'Пиар канал', 0, '', '', '79372120892', 910205970, 'NoSend', 0, ''),
(331, -1001380160750, '', '✅Пиар.Реклама💸💸💸✅', 0, '', '', '79372120892', 910205970, 'NoSend', 0, ''),
(332, -1001269032652, '', 'Взаимный Пиар | ВП | Самопиар Чат', 0, '', '', '79372120892', 910205970, 'NoSend', 0, ''),
(333, -1001132701238, '', 'FREE PR №1', 0, '', '', '79372120892', 910205970, 'NoSend', 0, ''),
(334, -1001272151913, '', 'Пиар Продвижение', 0, '', '', '79372120892', 910205970, 'NoSend', 0, ''),
(335, -1001138196574, '', 'Базар Telegram', 0, '', '', '79372120892', 910205970, 'NoSend', 0, ''),
(336, -1001464939005, '', '#Вз Бесплатная рекламма', 0, '', '', '79372120892', 910205970, 'NoSend', 0, ''),
(337, -1001128697550, '', 'БЕСПЛАТНЫЙ ПИАР', 0, '', '', '79372120892', 910205970, 'NoSend', 0, ''),
(338, -1001184509402, '', 'Пиар, раскрутка ,продвижение .', 0, '', '', '79372120892', 910205970, 'NoSend', 0, ''),
(339, -1001276797343, '', 'ФРИЛАНС ЧАТ - РАБОТА', 0, '', '', '79372120892', 910205970, 'NoSend', 0, ''),
(340, -1001280601345, '', 'Бесплатный / Пиар чат / Биржа рекламы 🥳', 0, '', '', '79372120892', 910205970, 'NoSend', 0, ''),
(341, -1001250839883, '', 'Чат Пиар и Раскрутка', 0, '', '', '79372120892', 910205970, 'NoSend', 0, ''),
(342, -1001380051996, '', 'ВЗАИМОПИАР l РЕКЛАМА КАНАЛОВ', 0, '', '', '79372120892', 910205970, 'NoSend', 0, ''),
(343, -1001223350668, '', 'Free PR [5.1]', 0, '', '', '79372120892', 910205970, 'NoSend', 0, ''),
(344, -1001475073400, '', 'FREELANCE👨🏻‍💼👩🏻‍💼CHAT', 0, '', '', '79372120892', 910205970, 'NoSend', 0, ''),
(345, -1001462876679, '', '𝐏𝐢𝐚𝐫 𝐜𝐡𝐚𝐭', 0, '', '', '79372120892', 910205970, 'NoSend', 0, ''),
(346, -1001241185382, '', 'ТОЛЬКО ПОКУПКА!', 0, '', '', '79372120892', 910205970, 'NoSend', 0, '');
INSERT INTO `list_chat` (`id_str`, `id`, `username`, `name`, `time`, `time_step`, `photo`, `akk`, `id_user`, `status`, `colvo_send`, `dop_text`) VALUES
(347, -1001346509659, '', 'Пиар, чат, реклама, спам, раскрутка, развитие', 0, '', '', '79372120892', 910205970, 'NoSend', 0, ''),
(348, -1001395916357, '', '🔱 ПЕРШИЙ 🅿️R Chat|2️⃣', 0, '', '', '79372120892', 910205970, 'NoSend', 0, ''),
(349, -1001371625839, '', 'ПИАР ТОЛЬКО ДЛЯ RUS', 0, '', '', '79372120892', 910205970, 'NoSend', 0, ''),
(350, -1001316150987, '', 'Пиарься бесплатно', 0, '', '', '79372120892', 910205970, 'NoSend', 0, ''),
(351, -1001423777902, '', 'Free РЕКЛАМА 🕊️', 0, '', '', '79372120892', 910205970, 'NoSend', 0, ''),
(352, -1001364199685, '', 'Взаимопиар', 0, '', '', '79372120892', 910205970, 'NoSend', 0, ''),
(353, -1001422783439, '', 'VIP РАБОТА - ЧАТ', 0, '', '', '79372120892', 910205970, 'NoSend', 0, ''),
(354, -1001472796202, '', 'ПИАРИЩЕ', 0, '', '', '79372120892', 910205970, 'NoSend', 0, ''),
(355, -1001179398839, '', 'Биржа КАНАЛОВ', 0, '', '', '79372120892', 910205970, 'NoSend', 0, ''),
(356, -1001495683459, '', 'Хайп чат актива ❤️', 0, '', '', '79372120892', 910205970, 'NoSend', 0, ''),
(357, -1001142191597, '', 'ТемпРоста 2.0', 0, '', '', '79372120892', 910205970, 'NoSend', 0, ''),
(358, -1001227463621, '', '💫ПИАР💥IMPERIA💫', 0, '', '', '79372120892', 910205970, 'NoSend', 0, ''),
(359, -1001310540871, '', 'ЕСТЬ РАБОТА ЧАТ', 0, '', '', '79372120892', 910205970, 'NoSend', 0, ''),
(360, -1001195297474, '', 'БЕСПЛАТНЫЙ пиар [4G]', 0, '', '', '79372120892', 910205970, 'NoSend', 0, ''),
(361, -1001409661304, '', '🆕Чат Super coin 👛', 0, '', '', '79372120892', 910205970, 'NoSend', 0, ''),
(362, -1001459421694, '', '🅕🅛🅨 🅤🅟 | #EURO2020', 0, '', '', '79372120892', 910205970, 'NoSend', 0, ''),
(363, -1001177219492, '', '🔥ПИАР/СПАМ/БЕЗ ОГРАНИЧЕНИЙ🔥', 0, '', '', '79372120892', 910205970, 'NoSend', 0, ''),
(364, -1001286457122, '', 'Spam 2', 0, '', '', '79372120892', 910205970, 'NoSend', 0, ''),
(365, -1001190323719, '', 'Фриланс | ТурбоWORK | Биржа фрилансеров', 0, '', '', '79372120892', 910205970, 'NoSend', 0, ''),
(366, -1001457587807, '', 'PR. ДЕНЬГИ В ИНТЕРНЕТЕ. Chat 2.', 0, '', '', '79372120892', 910205970, 'NoSend', 0, ''),
(367, -1001430984327, '', 'SMM Advert | Фриланс', 0, '', '', '79372120892', 910205970, 'NoSend', 0, ''),
(368, -1001150964450, '', 'Spam 6', 0, '', '', '79372120892', 910205970, 'NoSend', 0, ''),
(369, -1001383642207, '', 'Spam 3', 0, '', '', '79372120892', 910205970, 'NoSend', 0, ''),
(370, -1001263874891, '', 'Spam 5', 0, '', '', '79372120892', 910205970, 'NoSend', 0, ''),
(371, -1001305304740, '', 'ФрилансЧат - УКРАИНА 🇺🇦', 0, '', '', '79372120892', 910205970, 'NoSend', 0, ''),
(372, -1001258828454, '', 'ПИАР|ПРОДВИЖЕНИЕ|АККАУНТЫ', 0, '', '', '79372120892', 910205970, 'NoSend', 0, ''),
(373, -1001395698355, '', '🐝Реклама для вас!🍓🍓🍓', 0, '', '', '79372120892', 910205970, 'NoSend', 0, ''),
(374, -1001374453725, '', 'БЕСПЛАТНЫЙ ЧАТ ПИАРА', 0, '', '', '79372120892', 910205970, 'NoSend', 0, ''),
(375, -1001358273190, '', 'ДОСТУПНЫЙ ПИАР', 0, '', '', '79372120892', 910205970, 'NoSend', 0, ''),
(376, -1001171598586, '', '👑PiAR 🌎PlAnEt👑', 0, '', '', '79372120892', 910205970, 'NoSend', 0, ''),
(377, -1001376788917, '', 'Царский PR 👑', 0, '', '', '79372120892', 910205970, 'NoSend', 0, ''),
(378, -1001436686698, '', 'Spam1', 0, '', '', '79372120892', 910205970, 'NoSend', 0, ''),
(379, -1001483069968, '', 'Spam 4', 0, '', '', '79372120892', 910205970, 'NoSend', 0, ''),
(380, -1001122655247, '', '🤝Взаимная подписка/вп/ПИАР 🤝', 0, '', '', '79372120892', 910205970, 'NoSend', 0, ''),
(381, -1001363922994, '', 'SPAM/ЧАТ 5', 0, '', '', '79372120892', 910205970, 'NoSend', 0, ''),
(382, -1001404231028, '', 'New Chat', 0, '', '', '79372120892', 910205970, 'NoSend', 0, ''),
(383, -1001357883328, '', '@free_piar20 переходите туда, забанили за то,что кто-то порно скинул сюда', 0, '', '', '79372120892', 910205970, 'NoSend', 0, ''),
(384, -1001480061442, '', 'Пиар@Реклама@ВП@БЕСПЛАТНО', 0, '', '', '79372120892', 910205970, 'NoSend', 0, ''),
(385, -1001278779910, '', 'Фриланс чат', 0, '', '', '79372120892', 910205970, 'NoSend', 0, ''),
(386, -1001332273905, '', 'Теневой паб «У Хана»', 0, '', '', '79372120892', 910205970, 'NoSend', 0, ''),
(387, -1001598698782, '', 'Теневой чат Rick & Morty', 0, '', '', '89393715045', 1175398888, 'NoSend', 0, ''),
(388, -1001423947550, '? Продаю верефицированные Qiwi кошельки\n➖➖➖➖➖➖➖➖➖➖➖\n?Полный доступ -Основной статус  - Смс отключенны \n\n? С кошельком идет - Киви карта и Апи токен \n\n??‍♂️ Цена - 25р\n➖➖➖➖➖➖➖➖➖➖➖\n\n?Связь - @Hdhdhdbdjsj\n\n@getgarantbot', '𝔹𝕃𝔸ℂ𝕂 & 𝕎ℍ𝕀𝕋𝔼', 15, '12:31', 'https://i.imgur.com/SSbzjbj.jpg', '89393715045', 1175398888, 'NoSend', 11, ''),
(389, -1001546578554, '', '💭 Chat Общения', 0, '', '', '89393715045', 1175398888, 'NoSend', 0, ''),
(390, -1001332422950, '', 'LOLZTEAM | УСЛУГИ', 0, '', '', '89393715045', 1175398888, 'NoSend', 0, ''),
(391, -1001304553138, '', 'Услуги S&A', 0, '', '', '89393715045', 1175398888, 'NoSend', 0, ''),
(392, -1001200599203, '', 'Get-CHAT УСЛУГИ', 0, '', '', '89393715045', 1175398888, 'NoSend', 0, ''),
(393, -1001299204791, '', 'Услуги «SHELBY»', 0, '', '', '89393715045', 1175398888, 'NoSend', 0, ''),
(394, -1001264988679, '', '[DWD] CHAT', 0, '', '', '89393715045', 1175398888, 'NoSend', 0, ''),
(395, -1001595078715, '', 'Axel Chat', 0, '', '', '89393715045', 1175398888, 'NoSend', 0, ''),
(396, -1001319610194, '', 'Dimoneyolla | ЧАТ УСЛУГ', 0, '', '', '89393715045', 1175398888, 'NoSend', 0, ''),
(397, -1001503768872, '', 'NO SCAM CHAT', 0, '', '', '89393715045', 1175398888, 'NoSend', 0, ''),
(398, -1001499154787, '? Продаю верефицированные Qiwi кошельки\n➖➖➖➖➖➖➖➖➖➖➖\n?Полный доступ -Основной статус  - Смс отключенны \n\n? С кошельком идет - Киви карта и Апи токен \n\n??‍♂️ Цена - 25р\n➖➖➖➖➖➖➖➖➖➖➖\n\n?Связь - @Hdhdhdbdjsj\n\n@getgarantbot', 'Sonic GROUP', 15, '12:33', 'https://i.imgur.com/SSbzjbj.jpg', '89393715045', 1175398888, 'NoSend', 16, ''),
(399, -1001440808872, '', '🔥N&S Услуги🔥', 0, '', '', '89393715045', 1175398888, 'NoSend', 0, ''),
(400, -1001580220729, '', 'Allopt_pods | ЧАТ |', 0, '', '', '89393715045', 1175398888, 'NoSend', 0, ''),
(401, -1001384613113, '', 'MIAMI | GROUP', 0, '', '', '89393715045', 1175398888, 'NoSend', 0, ''),
(402, -1001440225798, '', 'LOREX | CHAT', 0, '', '', '89393715045', 1175398888, 'NoSend', 0, ''),
(403, -1001258849226, '', 'TESLA | GROUP', 0, '', '', '89393715045', 1175398888, 'NoSend', 0, ''),
(404, -1001193374005, '', '🎈JOKER | ЧАТ УСЛУГ', 0, '', '', '89393715045', 1175398888, 'NoSend', 0, ''),
(405, -1001185907215, '', 'J&H', 0, '', '', '89393715045', 1175398888, 'NoSend', 0, ''),
(406, -1001455229879, '', 'MONACO | GROUP', 0, '', '', '89393715045', 1175398888, 'NoSend', 0, ''),
(407, -1001434659391, '', 'Услуги | Товар | Обмен', 0, '', '', '89393715045', 1175398888, 'NoSend', 0, ''),
(408, -1001626075402, '', 'Команда 🤝', 0, '', '', '89393715045', 1175398888, 'NoSend', 0, ''),
(409, -1001315403883, '', '☯️The Great Dark Community🌐', 0, '', '', '89393715045', 1175398888, 'NoSend', 0, ''),
(410, -1001580259482, '', 'Чат услуг M&M&M', 0, '', '', '89393715045', 1175398888, 'NoSend', 0, ''),
(411, -1001549117798, '', 'Smoke Kaiff - Чат', 0, '', '', '89393715045', 1175398888, 'NoSend', 0, ''),
(412, -1001212155381, '', '⚒ANTI TRUD CHAT⚒', 0, '', '', '89393715045', 1175398888, 'NoSend', 0, ''),
(413, -1001583551690, '', 'Чат услуг', 0, '', '', '89393715045', 1175398888, 'NoSend', 0, ''),
(414, -1001370885840, '', 'Redline support group', 0, '', '', '89393715045', 1175398888, 'NoSend', 0, ''),
(415, -1001419031991, '', 'Барахолка Екатеринбург, Объявления Екатеринбург', 0, '', '', '79917459348', 752696668, 'NoSend', 0, ''),
(416, -1001401082421, '', 'УФА БАРАХОЛКА !!', 0, '', '', '79917459348', 752696668, 'NoSend', 0, ''),
(417, -1001436964843, '', 'Объявления в Мурманской области', 0, '', '', '79917459348', 752696668, 'NoSend', 0, ''),
(418, -1001154207282, '', 'Барахолка Новосибирск - Доска объявлений Новосибирск', 0, '', '', '79917459348', 752696668, 'NoSend', 0, ''),
(419, -1001469338380, '', 'Доска объявлений | Барахолка | Радонежский | Томск', 0, '', '', '79917459348', 752696668, 'NoSend', 0, ''),
(420, -1001142369877, '🔔<b>Лучший Автопостинг в Telegram</b> \n\n🔘<b>В боте присутствуют абсолютно все функции</b> \n\n◾️<i>Выгрузка чатов с аккаунта</i>\n◾️<i>Проксирование</i>\n◾️<i>Автоответчик</i>\n◾️<i>Множество настроек и красивый дизайн</i>\n◾️<i>Добавление неограниченное количество аккаунтов</i>\n◾️<i>Уведомления о отправках и много другого!</i>\n\n🔗Ссылка на бота: @SAKURA_POSTBOT\n🔗Ссылка на бота: @SAKURA_POSTBOT\n🔗Ссылка на бота: @SAKURA_POSTBOT', 'Реклама в Бане', 0, '', 'https://i.imgur.com/2lG9emJ.jpg', '79619259733', 1884682211, 'NoSend', 0, ''),
(421, -1001276568250, '🔔<b>Лучший Автопостинг в Telegram</b> \n\n🔘<b>В боте присутствуют абсолютно все функции</b> \n\n◾️<i>Выгрузка чатов с аккаунта</i>\n◾️<i>Проксирование</i>\n◾️<i>Автоответчик</i>\n◾️<i>Множество настроек и красивый дизайн</i>\n◾️<i>Добавление неограниченное количество аккаунтов</i>\n◾️<i>Уведомления о отправках и много другого!</i>\n\n🔗Ссылка на бота: @SAKURA_POSTBOT\n🔗Ссылка на бота: @SAKURA_POSTBOT\n🔗Ссылка на бота: @SAKURA_POSTBOT', 'Реклама и Пиар бесплатно', 0, '', 'https://i.imgur.com/2lG9emJ.jpg', '79619259733', 1884682211, 'NoSend', 0, ''),
(422, -1001083582145, '🔔<b>Лучший Автопостинг в Telegram</b> \n\n🔘<b>В боте присутствуют абсолютно все функции</b> \n\n◾️<i>Выгрузка чатов с аккаунта</i>\n◾️<i>Проксирование</i>\n◾️<i>Автоответчик</i>\n◾️<i>Множество настроек и красивый дизайн</i>\n◾️<i>Добавление неограниченное количество аккаунтов</i>\n◾️<i>Уведомления о отправках и много другого!</i>\n\n🔗Ссылка на бота: @SAKURA_POSTBOT\n🔗Ссылка на бота: @SAKURA_POSTBOT\n🔗Ссылка на бота: @SAKURA_POSTBOT', 'SPAM TELEGRAM™ ⚠️ NO LIMIT', 0, '', 'https://i.imgur.com/2lG9emJ.jpg', '79619259733', 1884682211, 'NoSend', 0, ''),
(423, -1001453540657, '🔔<b>Лучший Автопостинг в Telegram</b> \n\n🔘<b>В боте присутствуют абсолютно все функции</b> \n\n◾️<i>Выгрузка чатов с аккаунта</i>\n◾️<i>Проксирование</i>\n◾️<i>Автоответчик</i>\n◾️<i>Множество настроек и красивый дизайн</i>\n◾️<i>Добавление неограниченное количество аккаунтов</i>\n◾️<i>Уведомления о отправках и много другого!</i>\n\n🔗Ссылка на бота: @SAKURA_POSTBOT\n🔗Ссылка на бота: @SAKURA_POSTBOT\n🔗Ссылка на бота: @SAKURA_POSTBOT', 'PR Танк. Реклама в Бане', 0, '', 'https://i.imgur.com/2lG9emJ.jpg', '79619259733', 1884682211, 'NoSend', 0, '');

-- --------------------------------------------------------

--
-- Структура таблицы `logi`
--

CREATE TABLE `logi` (
  `id` int(11) NOT NULL,
  `user` bigint(11) NOT NULL,
  `chat` bigint(11) NOT NULL,
  `msg` text COLLATE utf8_unicode_ci NOT NULL,
  `data` datetime NOT NULL
) ENGINE=InnoDB DEFAULT CHARSET=utf8 COLLATE=utf8_unicode_ci;

-- --------------------------------------------------------

--
-- Структура таблицы `pay_ok`
--

CREATE TABLE `pay_ok` (
  `id` int(11) NOT NULL,
  `user` bigint(11) NOT NULL,
  `id_pay` bigint(11) NOT NULL,
  `summa` int(11) DEFAULT NULL
) ENGINE=InnoDB DEFAULT CHARSET=utf8 COLLATE=utf8_unicode_ci;

-- --------------------------------------------------------

--
-- Структура таблицы `ugc_users`
--

CREATE TABLE `ugc_users` (
  `id` int(11) NOT NULL,
  `balance` int(11) NOT NULL,
  `colvo` int(11) NOT NULL,
  `akk` bigint(11) NOT NULL,
  `chat` bigint(11) NOT NULL,
  `data` text COLLATE utf8_unicode_ci NOT NULL,
  `id_tig` bigint(11) NOT NULL,
  `phone` text COLLATE utf8_unicode_ci NOT NULL,
  `proxi` text COLLATE utf8_unicode_ci NOT NULL,
  `ref_colvo` bigint(11) DEFAULT '0',
  `ref` bigint(11) DEFAULT NULL
) ENGINE=InnoDB DEFAULT CHARSET=utf8 COLLATE=utf8_unicode_ci;

--
-- Дамп данных таблицы `ugc_users`
--

INSERT INTO `ugc_users` (`id`, `balance`, `colvo`, `akk`, `chat`, `data`, `id_tig`, `phone`, `proxi`, `ref_colvo`, `ref`) VALUES
(1884682211, 135, 0, 79619259733, 421, '01/07/2024', 0, '', '', 1, NULL),
(965292729, 0, 0, 0, 0, 'Нет', 0, '', '', 0, NULL),
(1314599269, 0, 0, 0, 0, 'Нет', 0, '', '', 0, NULL),
(1175398888, 0, 0, 89393715045, 388, '15/10/2021', 0, '', '', 0, NULL),
(1068175354, 0, 0, 0, 0, 'Нет', 0, '', '', 0, NULL),
(1984179708, 0, 0, 0, 0, 'Нет', 0, '', '', 0, NULL),
(1993064531, 0, 0, 0, 0, 'Нет', 0, '', '', 0, NULL),
(1717256886, 0, 0, 0, 0, 'Нет', 0, '', '', 0, NULL),
(643294739, 0, 0, 0, 0, 'Нет', 0, '', '', 0, NULL),
(845090531, 0, 0, 0, 0, 'Нет', 0, '', '', 0, NULL),
(1850543498, 0, 0, 79600534083, 53, '13/10/2021', 0, '', '', 0, NULL),
(1104257794, 0, 0, 0, 0, 'Нет', 0, '', '', 0, NULL),
(647447771, 0, 0, 0, 0, 'Нет', 0, '', '', 0, NULL),
(1895305587, 0, 0, 0, 0, 'Нет', 0, '', '', 0, NULL),
(1853168962, 0, 0, 0, 0, 'Нет', 0, '', '', 0, NULL),
(1382899214, 0, 0, 0, 0, 'Нет', 0, '', '', 0, NULL),
(1044562502, 0, 0, 0, 0, 'Нет', 0, '', '', 0, NULL),
(1691267719, 0, 0, 0, 0, 'Нет', 0, '', '', 0, NULL),
(731526450, 0, 0, 0, 0, 'Нет', 0, '', '', 0, NULL),
(1642270039, 0, 0, 0, 0, 'Нет', 0, '', '', 0, NULL),
(1927635712, 0, 0, 0, 0, 'Нет', 0, '', '', 0, NULL),
(1813248651, 0, 0, 0, 0, 'Нет', 0, '', '', 0, NULL),
(1325222149, 0, 0, 0, 0, 'Нет', 0, '', '', 0, NULL),
(1488007427, 0, 0, 0, 0, 'Нет', 0, '', '', 0, NULL),
(1883096425, 0, 0, 0, 0, 'Нет', 0, '', '', 0, NULL),
(1402889392, 0, 0, 0, 0, 'Нет', 0, '', '', 0, NULL),
(1207024053, 0, 0, 0, 0, 'Нет', 0, '', '', 0, NULL),
(1369539345, 0, 0, 0, 0, 'Нет', 0, '', '', 0, NULL),
(1707349801, 0, 0, 0, 0, 'Нет', 0, '', '', 0, NULL),
(1016274224, 0, 0, 0, 0, 'Нет', 0, '', '', 0, NULL),
(615359862, 0, 0, 0, 0, 'Нет', 0, '', '', 1, NULL),
(1684540109, 0, 0, 0, 0, 'Нет', 0, '', '', 0, NULL),
(941935092, 0, 0, 0, 0, 'Нет', 0, '', '', 0, NULL),
(734050402, 0, 0, 0, 0, 'Нет', 0, '', '', 0, NULL),
(1478233333, 0, 0, 0, 0, 'Нет', 0, '', '', 0, NULL),
(761816300, 0, 0, 0, 0, 'Нет', 0, '', '', 0, NULL),
(982227082, 0, 0, 0, 0, 'Нет', 0, '', '', 0, 615359862),
(1885108489, 0, 0, 0, 0, 'Нет', 0, '', '', 0, NULL),
(2080987679, 0, 0, 79601592950, 29, '13/10/2021', 0, '', '', 0, NULL),
(1471519390, 0, 0, 0, 0, 'Нет', 0, '', '', 0, NULL),
(1842799564, 0, 0, 0, 0, 'Нет', 0, '', '', 0, NULL),
(1615962633, 0, 0, 0, 0, 'Нет', 0, '', '', 0, NULL),
(2024546141, 0, 0, 0, 0, 'Нет', 0, '', '', 0, NULL),
(1500174077, 0, 0, 0, 0, 'Нет', 0, '', '', 0, NULL),
(1156524923, 0, 0, 0, 0, 'Нет', 0, '', '', 0, NULL),
(960682195, 0, 0, 0, 0, 'Нет', 0, '', '', 0, NULL),
(1499060992, 0, 0, 0, 0, 'Нет', 0, '', '', 0, NULL),
(1290218818, 0, 0, 0, 0, 'Нет', 0, '', '', 0, NULL),
(1345273064, 0, 0, 0, 0, 'Нет', 0, '', '', 0, NULL),
(1797251033, 0, 0, 0, 0, 'Нет', 0, '', '', 0, NULL),
(1170987883, 0, 0, 0, 0, 'Нет', 0, '', '', 0, NULL),
(1053944049, 0, 0, 0, 0, 'Нет', 0, '', '', 0, NULL),
(784507842, 0, 0, 0, 0, 'Нет', 0, '', '', 0, NULL),
(847357001, 0, 0, 0, 0, 'Нет', 0, '', '', 0, NULL),
(1682075560, 0, 0, 0, 0, 'Нет', 0, '', '', 0, NULL),
(1258853981, 0, 0, 0, 0, 'Нет', 0, '', '', 0, NULL),
(896930460, 0, 0, 0, 0, 'Нет', 0, '', '', 0, NULL),
(1627706552, 0, 0, 0, 0, 'Нет', 0, '', '', 0, NULL),
(1988032796, 0, 0, 0, 0, 'Нет', 0, '', '', 0, NULL),
(1916519330, 0, 0, 0, 0, 'Нет', 0, '', '', 0, NULL),
(1139593936, 0, 0, 0, 0, 'Нет', 0, '', '', 0, NULL),
(989890620, 0, 0, 0, 0, 'Нет', 0, '', '', 0, NULL),
(855853168, 0, 0, 0, 0, 'Нет', 0, '', '', 0, NULL),
(1628839519, 0, 0, 0, 0, 'Нет', 0, '', '', 0, NULL),
(233529831, 0, 0, 0, 0, 'Нет', 0, '', '', 0, NULL),
(759337345, 0, 0, 0, 0, 'Нет', 0, '', '', 0, NULL),
(2038922058, 0, 0, 0, 0, 'Нет', 0, '', '', 0, 1884682211),
(697274085, 0, 0, 0, 0, 'Нет', 0, '', '', 0, NULL),
(1085742636, 0, 0, 0, 0, 'Нет', 0, '', '', 0, NULL),
(1160170503, 0, 0, 0, 0, 'Нет', 0, '', '', 0, NULL),
(1947532927, 0, 0, 0, 0, 'Нет', 0, '', '', 0, NULL),
(1682642068, 0, 0, 0, 0, 'Нет', 0, '', '', 0, NULL),
(2015137231, 0, 0, 0, 0, 'Нет', 0, '', '', 0, NULL),
(954368485, 0, 0, 0, 0, 'Нет', 0, '', '', 0, NULL),
(827638161, 0, 0, 0, 0, 'Нет', 0, '', '', 0, NULL),
(2063681469, 0, 0, 0, 0, 'Нет', 0, '', '', 0, NULL),
(1986145791, 0, 0, 0, 0, 'Нет', 0, '', '', 0, NULL),
(542568880, 0, 0, 0, 0, 'Нет', 0, '', '', 0, NULL),
(955357364, 0, 0, 0, 0, 'Нет', 0, '', '', 0, NULL),
(1534251535, 0, 0, 0, 0, 'Нет', 0, '', '', 0, NULL),
(1143101999, 0, 0, 0, 0, 'Нет', 0, '', '', 0, NULL),
(1545215305, 0, 0, 0, 0, 'Нет', 0, '', '', 0, NULL),
(400335053, 0, 0, 0, 0, 'Нет', 0, '', '', 0, NULL),
(1816831642, 0, 0, 0, 0, 'Нет', 0, '', '', 0, NULL),
(196133367, 0, 0, 0, 0, 'Нет', 0, '', '', 0, NULL),
(679332255, 0, 0, 0, 0, 'Нет', 0, '', '', 0, NULL),
(1641066424, 0, 0, 0, 0, 'Нет', 0, '', '', 0, NULL),
(1958303875, 0, 0, 0, 0, 'Нет', 0, '', '', 0, NULL),
(1941746771, 0, 0, 0, 0, 'Нет', 0, '', '', 0, NULL),
(1870310034, 0, 0, 0, 0, 'Нет', 0, '', '', 0, NULL),
(1804390401, 0, 0, 0, 0, 'Нет', 0, '', '', 0, NULL),
(1494550977, 0, 0, 0, 0, 'Нет', 0, '', '', 0, NULL),
(1350055933, 0, 0, 79530995720, 64, '14/10/2021', 0, '', '', 0, NULL),
(2023678722, 0, 0, 0, 0, 'Нет', 0, '', '', 0, NULL),
(1947618852, 0, 0, 0, 0, 'Нет', 0, '', '', 0, NULL),
(2067770416, 0, 0, 0, 0, 'Нет', 0, '', '', 0, NULL),
(943891270, 0, 0, 0, 0, 'Нет', 0, '', '', 0, NULL),
(1424698074, 0, 0, 0, 0, 'Нет', 0, '', '', 0, NULL),
(1740607486, 0, 0, 0, 0, '15/10/2021', 0, '', '', 0, NULL),
(1925268599, 0, 0, 0, 0, 'Нет', 0, '', '', 0, NULL),
(1960541802, 0, 0, 0, 0, 'Нет', 0, '', '', 0, NULL),
(752696668, 0, 0, 79917459348, 0, '15/10/2021', 0, '', '', 0, NULL),
(2090019028, 0, 0, 0, 0, 'Нет', 0, '', '', 0, NULL),
(1549873819, 0, 0, 0, 0, 'Нет', 0, '', '', 0, NULL),
(1415653225, 0, 0, 0, 0, 'Нет', 0, '', '', 0, NULL),
(1660276343, 0, 0, 0, 0, 'Нет', 0, '', '', 0, NULL),
(865514536, 0, 0, 0, 0, 'Нет', 0, '', '', 0, NULL),
(322535461, 0, 0, 0, 0, 'Нет', 0, '', '', 0, NULL),
(910205970, 9, 0, 79372120892, 121, '15/10/2021', 0, '', '', 0, NULL),
(952848658, 0, 0, 0, 0, 'Нет', 0, '', '', 0, NULL),
(2039525024, 0, 0, 0, 0, 'Нет', 0, '', '', 0, NULL),
(1087195713, 0, 0, 0, 0, 'Нет', 0, '', '', 0, NULL),
(1819549465, 0, 0, 0, 0, 'Нет', 0, '', '', 0, NULL),
(1859588187, 0, 0, 0, 0, 'Нет', 0, '', '', 0, NULL),
(1893643353, 0, 0, 0, 0, 'Нет', 0, '', '', 0, NULL),
(1968516097, 0, 0, 0, 0, 'Нет', 0, '', '', 0, NULL),
(2005032050, 0, 0, 0, 0, 'Нет', 0, '', '', 0, NULL),
(1822680663, 0, 0, 0, 0, 'Нет', 0, '', '', 0, NULL),
(1317206557, 0, 0, 0, 0, 'Нет', 0, '', '', 0, NULL),
(1920537649, 0, 0, 0, 0, 'Нет', 0, '', '', 0, NULL),
(1989554226, 0, 0, 0, 0, 'Нет', 0, '', '', 0, NULL),
(2003918694, 0, 0, 0, 0, 'Нет', 0, '', '', 0, NULL),
(968944462, 0, 0, 0, 0, 'Нет', 0, '', '', 0, NULL),
(1057630861, 0, 0, 0, 0, 'Нет', 0, '', '', 0, NULL),
(1497558022, 0, 0, 0, 0, 'Нет', 0, '', '', 0, NULL);

--
-- Индексы сохранённых таблиц
--

--
-- Индексы таблицы `akk`
--
ALTER TABLE `akk`
  ADD PRIMARY KEY (`dd1`);

--
-- Индексы таблицы `list_chat`
--
ALTER TABLE `list_chat`
  ADD UNIQUE KEY `id_str` (`id_str`);

--
-- Индексы таблицы `logi`
--
ALTER TABLE `logi`
  ADD PRIMARY KEY (`id`);

--
-- Индексы таблицы `pay_ok`
--
ALTER TABLE `pay_ok`
  ADD UNIQUE KEY `id` (`id`);

--
-- AUTO_INCREMENT для сохранённых таблиц
--

--
-- AUTO_INCREMENT для таблицы `akk`
--
ALTER TABLE `akk`
  MODIFY `dd1` int(11) NOT NULL AUTO_INCREMENT, AUTO_INCREMENT=17;

--
-- AUTO_INCREMENT для таблицы `list_chat`
--
ALTER TABLE `list_chat`
  MODIFY `id_str` bigint(11) NOT NULL AUTO_INCREMENT, AUTO_INCREMENT=424;

--
-- AUTO_INCREMENT для таблицы `logi`
--
ALTER TABLE `logi`
  MODIFY `id` int(11) NOT NULL AUTO_INCREMENT;

--
-- AUTO_INCREMENT для таблицы `pay_ok`
--
ALTER TABLE `pay_ok`
  MODIFY `id` int(11) NOT NULL AUTO_INCREMENT;
COMMIT;

/*!40101 SET CHARACTER_SET_CLIENT=@OLD_CHARACTER_SET_CLIENT */;
/*!40101 SET CHARACTER_SET_RESULTS=@OLD_CHARACTER_SET_RESULTS */;
/*!40101 SET COLLATION_CONNECTION=@OLD_COLLATION_CONNECTION */;
